CÓDIGO;NOMBRE DEL COLOR;TIPO DE PINTURA;BASE 1;BASE 2;BASE 3;BASE 4;BASE 5;BASE 6;BASE 7;BASE 8;BASE 9;BASE 10;BASE 11;BASE 12;BASE 13;BASE 14;BASE 15;BASE 16;BASE 17
;;;;;;;;;;;;;;;;;;;
BLANCO BASE P/ 042;042-TOY;DUCO;150,4;0,9;0,2;4,2;;;;;;;;;;;;;
MARRON;WENGE;DUCO;63;35;24;14;10;4;3;;;;;;;;;;
AZUL METALICO;MONTECARLO;DUCO;110;25;11;4;;;;;;;;;;;;;
AZUL METALICO BASE;8K8;DUCO;69;8;50;22;;;;;;;;;;;;;
BLANCO BASE P/ ZMT;ZMT  ;DUCO;148,2;0,9;0,7;0,5;;;;;;;;;;;;;
BLANCO ;058-TOY;DUCO;162,3;1,8;0,7;0,3;0,03;1;;;;;;;;;;;
AMARILLO NARANJA;CARAMELO;DUCO;65;43;22;13;11;;;;;;;;;;;;
AZUL NAVAL BASE_VJ;NAVAL;DUCO;88;42,8;17;;;;;;;;;;;;;;
MARRON NARANJA;ND NOCE DOMINO;DUCO;100;15;29;;;;;;;;;;;;;;
BEIGE;NACRE;DUCO;105;50;5;;;;;;;;;;;;;;
MARRON TABACO;TABACO;DUCO;77,6;27,4;18,2;18,2;7;6,6;;;;;;;;;;;
ROJO BASE;3E5-TOY;DUCO;108;24;6;6;;;;;;;;;;;;;
BEIGE ARENA;BERLIN;DUCO;118;45;5;2;;;;;;;;;;;;;
NARANJA MARRON;ALAMO;DUCO;54;37;20;12;12;8;;;;;;;;;;;
ALUMINIO VENTANAS;ALV-1;DUCO;81,8;37,7;19;5,4;3,6;;;;;;;;;;;;
VERDE METALICO;6M1;DUCO;75;2;37;36;;;;;;;;;;;;;
ALUMINIO BASE;1C0;DUCO;126;15,3;5,3;1,5;0,2;;;;;;;;;;;;
BLANCO BASE;056-TOY;DUCO;900;2,5;1;0,5;;;;;;;;;;;;;
VERDE BASE METALICO;6P2;DUCO;53;5;3;20;10;43;;;;;;;;;;;
AZUL BASE MATALICO;B01;DUCO;65;4;2;40;2;29;;;;;;;;;;;
NOCE DOMINO MET;NOCE MET;DUCO;110;21;17;2;;;;;;;;;;;;;
MARRON NARANJA;TANGANICA;DUCO;90;36;27;;;;;;;;;;;;;;
CARBALHO CAPUCHINO;CARBALHO;DUCO;58;32;22;19;15;4;;;;;;;;;;;
GRIS GRAFITO;GRAFITO-1;DUCO;60;1;18;16;54;;;;;;;;;;;;
ALUMINIO BASE;K23;DUCO;117;22;1,2;0,1;0,1;;;;;;;;;;;;
MARRON BEIGE;EBORA;DUCO;80;40;20;5;5;3;;;;;;;;;;;
AZUL BASE;8M0;DUCO;15,2;30,4;30,4;72,2;;;;;;;;;;;;;
PERLA URBANA;PERLA;DUCO;72;47;26;9;2;;;;;;;;;;;;
GRIS METALICO BASE;ZMA;DUCO;82;13;14;11;26;1;;;;;;;;;;;
AZUL SOLIDO BASE;BW2;DUCO;72;25,2;0,9;8,1;16,2;10,8;24,3;;;;;;;;;;
ROJO BASE;A20;DUCO;103;2;2,4;36;;;;;;;;;;;;;
BLANCO BASE P/ W32;W32;DUCO;150;0,2;0,5;0,09;0,06;0,1;;;;;;;;;;;
AZUL BASE MATALICO;ZYR;DUCO;81;2,4;2,7;45,4;8;8;;;;;;;;;;;
AZUL METALICO BASE;8K9;DUCO;40;10;63;8;33;;;;;;;;;;;;
NEGRO METALICO;205  TOY;DUCO;36;2,7;0,9;108;;;;;;;;;;;;;
BEIGE BASE P/ ZDK;ZDK;DUCO;45;44;39;12,5;0,6;;;;;;;;;;;;
BEIGE INTERMEDIO BASE;CTR-2;DUCO;45;78,5;5;4;12,5;;;;;;;;;;;;
MARRON SOCALO BASE;CTR-3;DUCO;82,5;4,5;20,4;22,5;1;15;;;;;;;;;;;
AZUL BASE MATALICO;KR  FORD;DUCO;42;22;5;25;3;40;;;;;;;;;;;
BEIGE METALICO BASE;1A5;DUCO;102;24;9;1;1;1;;;;;;;;;;;
ROJO METALICO;U6-9SS;DUCO;24;85;20;6;4;;;;;;;;;;;;
VERDE VOLVO_VJ;91484  VL;SER;540,2;113,2;69,3;102,2;;;;;;;;;;;;;
NARANJA;MARA;DUCO;120;10;15;20;;;;;;;;;;;;;
VERDE MERCANTIL;MERCANTIL;DUCO;121;0,6;0,6;6;12;1,5;;;;;;;;;;;
GRIS MET PLASTICOS;TK-FD;DUCO;38;1;38;40;15;5;5;;;;;;;;;;
BASE GRIS MET ;TK-VJ;DUCO;45;2;38;20;0,3;1,5;0,3;27;5;;;;;;;;
VERDE HOJA;331.750  VJ;DUCO;84;8;5;9;15;6;5;10;;;;;;;;;
AZUL BASE METALICO;8K5;DUCO;110;20;50;3;4;5;;;;;;;;;;;
BLANCO METALICO BASE P/ 1C1;1C1;DUCO;80;1;2;1;80;;;;;;;;;;;;
AZUL METALICO BASE;SZ;DUCO;104;18;8;2;2;4;2;;;;;;;;;;
BLANCO BASE P/ 046;046-TOY;DUCO;150;2,5;1,6;1,5;6,4;;;;;;;;;;;;
ALUMINIO BASE;T2X;DUCO;55;65;4;2;2;15;1;;;;;;;;;;
BLANCO BASE P/ W13;W13;DUCO;160;1;0,1;0,2;1,8;0,2;0,1;;;;;;;;;;
GRIS METALICO BASE;K27;DUCO;82;13;50;11;26;1;4;1;40;;;;;;;;
BEIGE MET SOCALO SUZUKI;SUZ;DUCO;50;60;30;5;1;1;;;;;;;;;;;
BEIGE AMARILLO;FAGIO;DUCO;104;1;1;5;24;16;;;;;;;;;;;
GRIS METALICO BASE;A39;DUCO;80;6,5;25;5,5;13;0,5;2;8;;;;;;;;;
BASE GRIS MET ;KV2;DUCO;45;30;2;10;0,3;1,5;0,3;47;7;;;;;;;;
ALUMINIO BASE;1A0;DUCO;126;26;0,5;0,5;2;;;;;;;;;;;;
AZUL BASE SOLIDO;T38;DUCO;77;6;42;23;;;;;;;;;;;;;
AZUL BASE SOLIDO;8K8  SOLIDO;DUCO;53;8;28;36;4;13;;;;;;;;;;;
ROJO ESTACAS SER;ACEBO-1;SINTETICO EXTRA RAPIDO;525;40;3,5;216,5;;;;;;;;;;;;;
VERDE BASE SOLIDO;6P5;DUCO;57,5;1,5;6;9,7;71;;;;;;;;;;;;
AZUL METALICO BASE;B51;DUCO;80;37;12;8;2;2;;;;;;;;;;;
GRIS METALICO BASE;SS7;DUCO;40;40;15;9;26;2;4;17;3;;;;;;;;
BEIGE MARRON MET BASE;4N9;DUCO;63;20;34;6;12;5;;;;;;;;;;;
AMARILLO NARANJA;PORTILLO;DUCO;83,3;26,6;11;0,3;25,7;;;;;;;;;;;;
ALUMINIO BASE;199-TOY;DUCO;95;27;1;20;;;;;;;;;;;;;
BEIGE BASE MET P/ 4J1;4J1;DUCO;80;21;2;17;3;4;20;;;;;;;;;;
AZUL METALICO BASE P/T65;T65;DUCO;30,6;10,3;61,2;2,2;15,5;28,8;;;;;;;;;;;
AZUL METALICO BASE;8L2;DUCO;55;4;30;40;5;2;;;;;;;;;;;
GRIS METALICO BASE;ZCD;DUCO;50;24;2;43;5;5;30;;;;;;;;;;
GRIS METALICO BASE P/ 1E9;1E9-TOY;DUCO;50;30;3;8;7;45;;;;;;;;;;;
BEIGE ARENA;BERLIN;DUCO;106;40;4;2;2;;;;;;;;;;;;
GRIS METALICO BASE;38P;DUCO;108;16;0,8;16;2,4;3,2;;;;;;;;;;;
AZUL METALICO BASE;747  VJ;DUCO;90;11;2;24;5;4;;;;;;;;;;;
BEIGE ARENA;LINO;DUCO;135;22;3;1;;;;;;;;;;;;;
BEIGE MARRON;NOGEIRA;DUCO;15;45;18;28;4;32;5;;;;;;;;;;
ALUMINIO BASE;RHM;DUCO;70;50;10;3;0,5;;;;;;;;;;;;
GRIS METALICO MOTOR;PRS-5;DUCO;90;15;1;15;1;20;;;;;;;;;;;
AZUL METALICO BASE;Y29;DUCO;50;2;4;30;5;60;;;;;;;;;;;
NARANJA CEDRO;CEDRO;DUCO;115;16;7;5;15;;;;;;;;;;;;
BLANCO BASE P/ QX1;QX1;DUCO;155;0,6;0,4;0,4;3;;;;;;;;;;;;
VERDE METALICO BASE;DN1;DUCO;100;1;3;6;0,7;35;;;;;;;;;;;
BEIGE NARANJA;HANOVER;DUCO;65;10;32;4;34;4;;;;;;;;;;;
BEIGE ARENA;MAPLE;DUCO;145,2;1,7;1;0,7;4,3;;;;;;;;;;;;
GRIS METALICO BASE;MST;DUCO;81;14;0,5;41;7;5;;;;;;;;;;;
ALUMINIO BASE;Z2S;DUCO;90;45;4,5;7,2;;;;;;;;;;;;;
AZUL SAN LORENZO MET;SAN;DUCO;80;8;29;1;15;;;;;;;;;;;;
BEIGE CAFÉ;MUNIQUE;DUCO;18;85;20;7;4;4;;;;;;;;;;;
MARRON CLARO;CASTANHO;DUCO;20;40;40;30;30;10;;;;;;;;;;;
AMARILLO LIMON;LIMA;DUCO;102,4;0,3;4,8;50;2;;;;;;;;;;;;
ALUMINIO BASE;KY0;DUCO;110;20;1,3;4;0,7;;;;;;;;;;;;
ALUMINIO VENTANAS;ALV-2;DUCO;40;25;55;15;5;2;;;;;;;;;;;
AZUL CLARO;SKY-1;DUCO;144;1;0,1;3;10;10;;;;;;;;;;;
BEIGE OSCURO;AN5;DUCO;72;78;8;4;20;;;;;;;;;;;;
AZUL VIOLETA;SKY-2;DUCO;36;12;8;7;9;80;;;;;;;;;;;
BEIGE ARENA;NT-NOBILE TRAMA;DUCO;111;33;3;5;2;0,4;;;;;;;;;;;
BEIGE FRESNO ANDINO;FRESNO  AND;DUCO;140;2;24;;;;;;;;;;;;;;
VINO METALICO BASE P/ VINO;8724  SS;DUCO;160;40;70;90;60;;;;;;;;;;;;
GRIS METALICO BASE;1G3;DUCO;82;20;20;6;8;1;4;;;;;;;;;;
BLANCO BASE P/ ZHJ;ZHJ;DUCO;148,2;1,1;1,1;0,3;1,7;;;;;;;;;;;;
AZUL BASE METALICO;FORD;DUCO;110;20;58;11;8;1;;;;;;;;;;;
BLANCO BASE P/ QAB;QAB;DUCO;157,5;0,4;0,1;0,3;1;;;;;;;;;;;;
BLANCO HIELO MELANINA;CENIZA;DUCO;150;2;2;9;;;;;;;;;;;;;
GREYISH GREEN MET;6K6;DUCO;82;9;24;25;3;3;2;3;;;;;;;;;
BLANCO BASE P/ 070;070-TOY;DUCO;158;1,2;0,1;0,3;5,8;;;;;;;;;;;;
AMARILLO NARANJA;CERESO;DUCO;60;3;6;80;7;;;;;;;;;;;;
BEIGE ARENA;ORINOCO;DUCO;130;8;1;2;8;8;;;;;;;;;;;
GRIS ALUMINIO BASE;1B9;DUCO;121;1;6,6;0,6;0,6;15;;;;;;;;;;;
BEIGE FRESNO ;FRESNOO;DUCO;150;1;7;;;;;;;;;;;;;;
ALUMINIO BASE;168-TOY;DUCO;110;23;3;30;6;;;;;;;;;;;;
BLANCO BASE P/ QM1;QM1;DUCO;156;0,2;0,2;;;;;;;;;;;;;;
MARRON OSCURO;EVANO;DUCO;30;30;5;5;22;60;;;;;;;;;;;
AZUL METALICO BASE P/ RAQ;RAQ;DUCO;120;5;50;6;90;150;;;;;;;;;;;
GRIS BASE P/ KNG;KNG;DUCO;110;23;3;30;6;7,5;;;;;;;;;;;
AZUL FIE Ó AL. SEGUROS;FIE;DUCO;580;140;50;;;;;;;;;;;;;;
BEIGE OSCURO;NEVRASCA;DUCO;25;12;2;19;80;18;;;;;;;;;;;
GRIS BASE METALICO;K21;DUCO;97,5;15;1,5;20;4,5;4,5;;;;;;;;;;;
GRIS METALICO P/ 2704;2704  VL;DUCO;115;20;3;5;3;1;;;;;;;;;;;
BEIGE ARENA LION;WALNUT;DUCO;47;14;59;1;24;4;12;;;;;;;;;;
GRIS CHASIS VOLVO;FHVL-8;DUCO;25;0,6;15;38;54;;;;;;;;;;;;
BEIGE ARENA;AMANTEA;DUCO;120;35;2;5;;;;;;;;;;;;;
BEIGE CREMA;NOGERATAR;DUCO;60;75;1,5;4,5;;;;;;;;;;;;;
BEIGE CLARO ROJISO;MARANTA;DUCO;139;0,8;3;1,4;5,4;1,6;;;;;;;;;;;
BEIGE LUNAR;LUNAR;DUCO;116;2;1,5;5,5;32;;;;;;;;;;;;
AZUL TIGO;TIGO;DUCO;1560;300;1500;;;;;;;;;;;;;;
VERDE METALICO;VERDE;SER;560;5;169;;;;;;;;;;;;;;
CARBALHO MUNIQUE;CM CARBALHO MUNIQUE;DUCO;48;37;29;12;23;2;;;;;;;;;;;
MARRON TABLERO;TABLERO;DUCO;46;31;15;2;13;4;35;;;;;;;;;;
BEIGE PERLA;FLAMINGO;DUCO;66;22;47;6;7;1;;;;;;;;;;;
AMARILLO NARANJA;ROBLE;DUCO;15;2;25;48;5;59;;;;;;;;;;;
NARANJA MARRON;MELOo;DUCO;40;72;1;8;22;4;;;;;;;;;;;
OCRE CHOCOLATE;LOURO;DUCO;55;15;44;15;22;;;;;;;;;;;;
BLANCO BASE P/ QT1;QT1-PERLA;DUCO;148;1,5;0,3;0,1;7,6;;;;;;;;;;;;
GRIS GRAFITO CLARO;GRAFITO-2;DUCO;57;5;16;15;49;5;3;1;;;;;;;;;
BASE BIEGE MARRON MET ;C41;DUCO;80;10;30;7;5;4;7;;;;;;;;;;
BLUE MET;B41;DUCO;78;30;3;13;28;;;;;;;;;;;;
GRIS METALICO BASE;ZY4;DUCO;79;8;4;23;16;10;;;;;;;;;;;
AZUL BASE METALICO;8Q1;DUCO;100;12;24;4;;;;;;;;;;;;;
NEGRO METALICO;205  TOY;DUCO;136;3,4;0,9;5,7;;;;;;;;;;;;;
AZUL METALICO BASE;BUS-1;DUCO;440;110;192;3;80;;;;;;;;;;;;
GRIS HUMO;GRIS HUMO;DUCO;150;0,2;1;1;4;;;;;;;;;;;;
NARANJA CHOCOLATE;CAYENA;DUCO;10;14;15;25;80;;;;;;;;;;;;
AMARILLO NARANJA;VIGNETO;DUCO;13;14;17;25;80;;;;;;;;;;;;
ALUMINIO VENTANAS;ALV-SER;SER;300;250;100;155;;;;;;;;;;;;;
MAGENTA;LILAS-7;SER;310;4;500;;;;;;;;;;;;;;
VERDE METALICO;GUDIÑO;DUCO;1300;500;50;40;390;11;11;12;10;;;;;;;;
VERDE BASE P/ 6P4;6P4;DUCO;16;12;4;13;94;;;;;;;;;;;;
VERDE BASE SOLIDO;760-TOY;DUCO;370;13;220;170;40;7;;;;;;;;;;;
VERDE METALICO BASE;6T3;DUCO;32;4,5;60;27;0,2;3;15,3;;;;;;;;;;
BEIGE EXPRESO;EXPRESO;DUCO;35;24;60;15;22;;;;;;;;;;;;
GRIS CLARO;CINZA SAGRADO;DUCO;117;20;3;4;2;;;;;;;;;;;;
BLANCO BASE P/ QAC;QAC;DUCO;152;0,7;0,7;;;;;;;;;;;;;;
MARRON NOGAL;NOGAL;DUCO;50;35;30;14;11;10;;;;;;;;;;;
MARRON BEIGE;FREITO;DUCO;72;38;18;4;4;3;4;5;;;;;;;;;
MARRON MET;ROUGINE;DUCO;56;94;2;17;51;;;;;;;;;;;;
GRIS;ONIX;DUCO;70;33;81;22;;;;;;;;;;;;;
MARRON OSCURO;TK-MELA;DUCO;245;500;50;12;70;;;;;;;;;;;;
BLANCO BASE P/ W75;W75;DUCO;161;1;0,6;0,3;2;;;;;;;;;;;;
AMARILLO CLARO;HAYA;DUCO;96;8;2,6;16;0,6;25,8;;;;;;;;;;;
VIOLETA AZUL;LILAS-6;SER;150;90;540;;;;;;;;;;;;;;
VIOLETA PURPURA;LILAS-3;SER;400;40;350;;;;;;;;;;;;;;
VIOLETA OSCURO;LILAS-1;SER;300;200;375;;;;;;;;;;;;;;
VIOLETA PASTEL DE UVA;LILAS-5;SER;460;250;65;25;;;;;;;;;;;;;
VIOLETA AZULADO;LILAS-2;SER;177;5;135;450;;;;;;;;;;;;;
VIOLETA MINION;LILAS-4;SER;420;3;8;2;33;275;;;;;;;;;;;
MARRON;EMBUIA TERRA;DUCO;32;48;22;7;5;22;6;3;;;;;;;;;
BLANCO BEIGE;OLMO;DUCO;150;2;6;1;1;;;;;;;;;;;;
BLANCO BASE P/ Z7T;Z7T;DUCO;150;0,8;0,3;0,4;0,1;;;;;;;;;;;;
ALUMINIO BEIGE;ALUMINIO;DUCO;23;2;3;123;3;;;;;;;;;;;;
BEIGE ARENA MATE;ARENA;SE-MATE;3900;32;92;6;;;;;;;;;;;;;
AZUL VIOLETA BASE;ISEKI;DUCO;130;160;136;;;;;;;;;;;;;;
ROJO VINO METALICO;VINO MET;DUCO;24;85;20;12;4;8;;;;;;;;;;;
AZUL BANCO UNION;UNION;DUCO;300;65;30;25;;;;;;;;;;;;;
TRAMA CARBONO;CARBONO;DUCO;30;2;19;43;2;45;;;;;;;;;;;
GRIS METALICO BASE;ZYZ;DUCO;98;1;5;30;;;;;;;;;;;;;
GRIS GRAFITO;GRAFITO-SER;SER;660;3;60;280;;;;;;;;;;;;;
GRIS CEMENTO;CEMENTO;DUCO;128;14,5;1,5;8;5;;;;;;;;;;;;
NEGRO MET BASE GAB;GAB;DUCO;105;4;6;10;18;;;;;;;;;;;;
AZUL TURQUESA MET;746-TOY;DUCO;53;17;2;70;;;;;;;;;;;;;
BLANCO BASE P/ W75;W75-2;DUCO;459;2;7;0,9;2;;;;;;;;;;;;
BEIGE AMARILLO;HIKORI;DUCO;93;15;3;13;6;21;;;;;;;;;;;
LILA VIOLETA;LILAS-8;SER;475;125;202;;;;;;;;;;;;;;
MARRON BEIGE;PLAS;DUCO;30;59;17;8;52;;;;;;;;;;;;
MARRON BEIGE;KANIO;DUCO;10;76;22;25;17;6;;;;;;;;;;;
BLANCO BASE P/ Z7T;Z7T;DUCO;155,5;1,3;0,3;0,2;0,2;0,3;4,7;;;;;;;;;;
BEIGE GRIS;GANDUIA;DUCO;95;7;50;3;;;;;;;;;;;;;
NARANJA TK-GRANDIS;GRANDIS;DUCO;29;62;6;15;32;;;;;;;;;;;;
GRIS CLARO FONDO MOTOR;1A5-FONDO;DUCO;637;23,5;30,6;32,7;8,3;8,7;5,5;22,5;53;;;;;;;;
CAFÉ CHOCOLATE;MOCACHINO;DUCO;20;60;25;10;30;5;;;;;;;;;;;
AMARILLO VERDOSO;OLMO-A;DUCO;109;4;25;15;8;10;;;;;;;;;;;
BEIGE NARANJA CLARO;TOOR;DUCO;105;7;16;4;4;23;;;;;;;;;;;
BEIGE GRIS;CUBANITA;DUCO;75;10;65;12;4;1;;;;;;;;;;;
CASTAÑO VELASQUES;VELASQUES;DUCO;25;70;15;15;20;5;;;;;;;;;;;
AMARILLO BASE P/ FHVL-14;FHVL-14;DUCO;900;20;130;470;;;;;;;;;;;;;
BEIGE ARENA;LINE;DUCO;150;24;5;1;;;;;;;;;;;;;
PURPURA VANGUARDIA;LILAS-9;SER;400;25;400;;;;;;;;;;;;;;
BIEGE ROSA MET  BASE P/ZKW;ZKW;DUCO;80;11;19;7;4;20;8;;;;;;;;;;
VERDE LIMON MET BASE;ZQB;DUCO;250;160;400;18;10;;;;;;;;;;;;
AZUL SKY MET BASE;RBE;DUCO;109;16;1;6;3;6;12;;;;;;;;;;
BEIGE NOGEIRA CADIZ;CADIZ;DUCO;50;8;20;10;19;50;;;;;;;;;;;
AZUL BANCO FIE;FIE;DUCO;140;50;580;;;;;;;;;;;;;;
VERDE VIVA INTENSO;VIVAS-1;DUCO;320;90;;;;;;;;;;;;;;;
NARANJA BASE MET ;EAU;DUCO;29;12;120;5;23;7;;;;;;;;;;;
AZUL BASE MET ;BY6;DUCO;110;10;13;25;20;24;;;;;;;;;;;
BEIGE CLARO;DUNA;DUCO;110;3;2;40;;;;;;;;;;;;;
GRIS BEIGE;TAUPE;DUCO;115;2;3;18;11;7;6;3;;;;;;;;;
GRIS MET BASE;V3G;DUCO;81;25;15;8;15;;;;;;;;;;;;
AZUL VIOLETA MET BASE;TJ4;DUCO;81;70;2;37;;;;;;;;;;;;;
AZUL METALICO;8L7;DUCO;74;6;60;2;9;;;;;;;;;;;;
AZUL VIOLETA;TORITO;DUCO;95;6;12;54;;;;;;;;;;;;;
AZUL VIOLETA METALICO;8W7;DUCO;80;7;57;;;;;;;;;;;;;;
AZUL BASE MET;BU2;DUCO;40;15;30;35;36;;;;;;;;;;;;
ROJO BASE;R59;DUCO;90;35;2;20;1;;;;;;;;;;;;
ALUMINIO GRIS BASE;A71;DUCO;90;0,2;1;2;1;23;;;;;;;;;;;
GRIS SOMBRA;SOMBRA;DUCO;60;1;19;16;6;54;;;;;;;;;;;
BEIGE METALICO BASE;656-NIS;DUCO;60;2;18;1;10;;;;;;;;;;;;
BEIGE METALICO;PEROLA;DUCO;68;42;34;6;3;;;;;;;;;;;;
AZUL METALICO BASE;RAW;DUCO;70;55;8;12;;;;;;;;;;;;;
AZUL METALICO BASE;T48;DUCO;77;19;19;14;27;;;;;;;;;;;;
ROSA CHICLE;ROSA;DUCO;150;4;2;14;;;;;;;;;;;;;
BASE GRIS;LATERAL;DUCO;51;37;26;37;;;;;;;;;;;;;
BASE P/ 057;057-TOY;DUCO;167,2;0,7;0,1;0,8;0,5;0,7;;;;;;;;;;;
MARRON BEIGE;GALEZ;DUCO;60;30;14;10;2;30;;;;;;;;;;;
VERDE VOSQUE;VOSQUE;DUCO;60;5;12;7;40;76;;;;;;;;;;;
AZUL METALICO BASE;8V7;DUCO;80;300;60;60;;;;;;;;;;;;;
MARAVILLA;LILAS-10;SER;232;41;210;;;;;;;;;;;;;;
NARANJA METALICO BASE;ASQ-FD;DUCO;30;20;230;5;140;;;;;;;;;;;;
GRIS METALICO BASE;301/B;DUCO;70;2;60;3;20;50;;;;;;;;;;;
BEIGE AMARILLO;MACADAMIO;DUCO;90;12;3;43;;;;;;;;;;;;;
FREIJO OSCURO;FREIJO-OS;DUCO;70;22;12;9;4;4;2;26;;;;;;;;;
BEIGE BASE REANAULT;C66;DUCO;130;70;3;24;9;7;3;;;;;;;;;;
NARANJA BASE;KUBOTA;DUCO;375,5;1,3;25,7;40,5;;;;;;;;;;;;;
BEIGE BASE P/ DZ;DZ;DUCO;260;18;100;11;12;;;;;;;;;;;;
GRIS BASE MET P/ ZBD;ZBD;DUCO;80;18;8;2;1;15;15;;;;;;;;;;
ALUMINIO BASE P/ H81;H81;DUCO;270;60;45;3;20;2;;;;;;;;;;;
AZUL BASE MET P/ BW6;BW6;DUCO;79;100;6;10;;;;;;;;;;;;;
AZUL METALICO;8K1;DUCO;77;16;18;3;30;;;;;;;;;;;;
AZUL CELESTE SAMA;SAMA-1;DUCO;1815;11;204;1322;;;;;;;;;;;;;
AZUL OSCURO SAMA;SAMA-2;DUCO;705;2;61;24;128;;;;;;;;;;;;
LILA PURO;SKY-3;DUCO;87;68;;;;;;;;;;;;;;;
GRIS ARCILLA;ARCILLA;DUCO;110;1;1;10;10;5;9;;;;;;;;;;
VERDE INTENSO;VIVAS-2;DUCO;80;10;60;;;;;;;;;;;;;;
CELESTE BASE MET;33Y;DUCO;140;1;5;8;;;;;;;;;;;;;
BEIGE ROBLE KENDA;KENDA;DUCO;105;3;13;5;40;;;;;;;;;;;;
VERDE BASE P/ 681;681-TOY;DUCO;136;67;176;16;25;510;;;;;;;;;;;
AZUL METALICO BASE;8B5;DUCO;70;15;38;32;2;;;;;;;;;;;;
BEIGE AMARILLO;SOLANUM;DUCO;38;14;15;32;9;5;100;;;;;;;;;;
AMARILLO FREIGO PURO;FREGIO;DUCO;33;7;39;68;10;63;;;;;;;;;;;
VERDE BASE MET P/ 6J4;6J4;DUCO;470;190;17;70;50;10;17;5;;;;;;;;;
GRIS METALICO BASE;R4G;DUCO;200;77;77;15;20;2;10;7;;;;;;;;;
VERDE MENTOL MET VW;7462  VW;SER;820;20;11;16;20;;;;;;;;;;;;
GRIS BASE MET P/ ZQS;ZQS;DUCO;100;8;30;;;;;;;;;;;;;;
GRIS METALICO;NOCTURNO;DUCO;55;70;38;26;25;;;;;;;;;;;;
GRIS GRAFITO METALICO;GRAFITO-MET;DUCO;105;17;8;1;4;3;3;;;;;;;;;;
GRIS BASE MET;ZNZ;DUCO;22;3;1;34;10;2;6;60;;;;;;;;;
MARRON METALICO;CNA;DUCO;52;18;40;30;;;;;;;;;;;;;
GRIS BASE METALICO;N9S;DUCO;205;30;10;6;30;55;80;;;;;;;;;;
BRONZE CEPILLADO MET;BRONZE;DUCO;110;20;20;4;;;;;;;;;;;;;
BEIGE LINO TOPO;TOPO;DUCO;100;38;8;8;6;8;;;;;;;;;;;
BEIGE TITANIO;TITANIO;DUCO;130;10;3;4;3;;;;;;;;;;;;
AZUL BASE MET P/ T69;T69;DUCO;60;125;10;35;180;;;;;;;;;;;;
BEIGE BASE P/ 1A7;1A7-TOY;DUCO;60;9;1;33;3;44;;;;;;;;;;;
GRIS BASE METALICO;182-TOY;DUCO;80;11;1;31;8;8;15;;;;;;;;;;
BEIGE BASE MET P/ EY0;EY0;DUCO;250;6;60;70;14;;;;;;;;;;;;
ALUMINIO BASE MET P/ ZMU;ZMU;DUCO;800;800;20;;;;;;;;;;;;;;
GRIS BASE MET P/ UJ;UJ;DUCO;60;5;5;70;;;;;;;;;;;;;
AZUL BASE MET P/ J4;J4;DUCO;1400;400;36;21;42;;;;;;;;;;;;
ROJO MET;41V;SER;310;27;21;35;30;;;;;;;;;;;;
GRIS BASE MET P/ TAK;TAK;DUCO;100;160;120;50;100;30;500;;;;;;;;;;
AZUL CELESTE BASE P/ 924;924-TOY;DUCO;30;8;12;56;8;20;20;;;;;;;;;;
BEIGE METALICO BASE;KX4;DUCO;80;10;1;20;30;;;;;;;;;;;;
AZUL METALICO BASE;8P4;DUCO;260;10;90;2;7;73;;;;;;;;;;;
NARANJA MET BASE;CAU;DUCO;100;20;80;100;100;;;;;;;;;;;;
VERDE MET BASE;ZLC;DUCO;45;6;36;3;3;42;;;;;;;;;;;
DORADO BASE MET P/ ZQP;ZQP;DUCO;60;42;35;4;10;;;;;;;;;;;;
GRIS CLARO VERDOSO;VERTIS;DUCO;300;75;6;40;;;;;;;;;;;;;
VERDE METALICO BASE;FP0;DUCO;81;11;13;30;2;60;;;;;;;;;;;
NARANJA MONOPOL;PALALA;DUCO;1205;4;40;768;4;190;;;;;;;;;;;
BLANCO METALLIC;OPALA;DUCO;150;2;1;;;;;;;;;;;;;;
GRIS BASE MET P/1A3;1A3;DUCO;25;2;11;2;30;11;11;34;;;;;;;;;
AZUL GRIS METALICO BASE;1F9;DUCO;28;130;46;3;122;;;;;;;;;;;;
BEIGE BASE MET;ZA4;DUCO;90;11;1;2;3;23;;;;;;;;;;;
AZUL VIOLETA;FIERO;DUCO;58;4;56;1;16;26;;;;;;;;;;;
BEIGE NOGEIRA LINCON;LINCON;DUCO;63;35;21;16;9;;;;;;;;;;;;
ROJO MET BASE;PRP;DUCO;86;10;4;10;40;;;;;;;;;;;;
AZUL BASE MET;8R3;DUCO;60;25;25;20;15;;;;;;;;;;;;
CINZA CRISTAL;CRISTAL;DUCO;145;3;1;5;;;;;;;;;;;;;
BEIGE NARANJA CLARO;MURANO;DUCO;109;25;3;8;13;;;;;;;;;;;;
BEIGE CLARO;BATUR;DUCO;105;25;7;5;11;;;;;;;;;;;;
BEIGE ROSA METALICO BASE;3P3;DUCO;105;6;3;3;3;10;;;;;;;;;;;
ROJO BASE;391-TOY;DUCO;72;20;7;6;1;10;30;;;;;;;;;;
BEIGE BASE MET P/ 3K9;3K9;DUCO;80;10;2;30;2;4;20;;;;;;;;;;
DORADO BASE MET P/ P4N;P4N;DUCO;60;10;35;15;10;20;;;;;;;;;;;
BEIGE BASE;4A8;DUCO;100;25;10;5;;;;;;;;;;;;;
BEIGE GRIS NARANJA;NUEZ;DUCO;45;10;27;10;8;52;;;;;;;;;;;
ROSA IPE;IPE;DUCO;430;30;300;;;;;;;;;;;;;;
BEIGE VERDOSO;SANDALO;DUCO;77;60;8;14;20;20;;;;;;;;;;;
GRIS GRAFITO CHUMBO;CHUMBO;DUCO;53;1;9;35;45;;;;;;;;;;;;
BLANCO BASE;BLANCO-1;DUCO;80;20;;;;;;;;;;;;;;;
BEIGE ACERGAL;ACERGAL;SC;3950;28;13;6;;;;;;;;;;;;;
BLANCO BASE P/ 049;049-TOY;DUCO;160,2;1,4;1,2;1,1;;;;;;;;;;;;;
NARANJA CARROSERIA;AGILAR;SC;1005;1390;17;;;;;;;;;;;;;;
ROSA FUCSIA FIE;BISSA;DUCO;180;130;50;440;200;600;;;;;;;;;;;
AZUL BASE MET P/ B25;B25;DUCO;57;30;22;25;6;49;22;;;;;;;;;;
MARRON ROBLE;ROBLE-2;DUCO;70;25;19;16;6;6;8;;;;;;;;;;
ROSA BASE MET P/ 9AE;9AE;DUCO;280;7;5;5;13;1;60;;;;;;;;;;
AZUL BASE MET P/ BLA;BLA-;DUCO;56;12;37;30;;;;;;;;;;;;;
BLANCO BASE;CHEMICAL;DUCO;90;30;;;;;;;;;;;;;;;
GRIS BASE MET P/U17;U17;DUCO;125;10;55;30;150;100;170;170;;;;;;;;;
ROSA FUCSIA;FUCSIA;DUCO;80;1;12;15;45;;;;;;;;;;;;
BLANCO GELO BASE;GELO;DUCO;3370;32;170;60;190;;;;;;;;;;;;
VERDE ECUATORIAL AGAVE;AGAVE;DUCO;97;9;27;30;;;;;;;;;;;;;
AZUL BASE;TRAC-TOY;DUCO;162;154;;16;16;56;;;;;;;;;;;
GRIS METALICO BASE;KDG;DUCO;260;40;38;25;25;2;;;;;;;;;;;
GRIS ARO TOYOTA;ARO;DUCO;307;65;50;148;;;;;;;;;;;;;
GRIS METALICO BASE;KLG;DUCO;514;7;15;15;15;874;850;;;;;;;;;;
VERDE BASE MET P/ DPQ;DPQ;DUCO;175;22;80;90;20;;;;;;;;;;;;
GRIS BASE MET P/ ZDL;ZDL;DUCO;60;43;6;25;5;;;;;;;;;;;;
GRIS BASE MET P/ U04;U04;DUCO;55;2;4;95;3;;;;;;;;;;;;
AZUL BASE MET P/ ZLU;ZLU;DUCO;150;70;5;340;80;115;100;;;;;;;;;;
BLANCO MATE;IBIZA;DUCO;145;0,5;0,5;4;;;;;;;;;;;;;
METALLIC SUEDE;SUEDE;DUCO;170;22;14;6;1;;;;;;;;;;;;
NEGRO ESPECIAL;ESPECIAL;DUCO;50;18;2;2;;;;;;;;;;;;;
BEIGE MANIQUIS;MANIQUIS;DUCO;92;17;1;1;33;;;;;;;;;;;;
ROJO BASE;P63;DUCO;560;10;12;180;;;;;;;;;;;;;
AMAILLO LIMON;FHVL-15;SSER;2000;20;628;;;;;;;;;;;;;;
AZUL BASE MET;2607-VL;DUCO;200;3;20;200;;;;;;;;;;;;;
MARRON BASE MET;3301-VL;DUCO;15;40;8;20;60;;;;;;;;;;;;
HELMO MACHIADO;HELMO;DUCO;240;70;6;16;28;;;;;;;;;;;;
MARRON BASE MET P/ ZUG;ZUG;DUCO;40;19;9;10;45;27;;;;;;;;;;;
VIOLETA BASE MET P/ 592;592-MB;DUCO;40;4;20;20;60;;;;;;;;;;;;
BEIGE NARANJA CLARO;ALMENDALA;DUCO;77;60;12;7;40;16;20;;;;;;;;;;
AZUL VIOLETA BASE;B42;DUCO;24;6;7;52;59;;;;;;;;;;;;
ALUMINIO GRUESO;GRUESO;DUCO;40;10;40;50;;;;;;;;;;;;;
VERDE BASE MET P/ 6N1;6N1;DUCO;49;4;20;8;28;37;;;;;;;;;;;
GRIS BASE METALICO;182-TOY;DUCO;80;11;1;31;8;8;15;;;;;;;;;;
ROSA LETRERO;ROSA-2;DUCO;50;35;15;20;30;;;;;;;;;;;;
BEIGE BOLERO TEXTURE;BOLERO;DUCO;136;2;8;92;;;;;;;;;;;;;
ROJO BASE SOLIDO;0FT;DUCO;657;8;120;43;;;;;;;;;;;;;
VERDE SABIA;SABIA;DUCO;48;9;6;3;22;51;13;;;;;;;;;;
BEIGE GRIS;GANDUIA-2;DUCO;247;19;180;8;;;;;;;;;;;;;
LILA VIOLETA BANCO SOL;SKY-4;DUCO;87;36;23;;;;;;;;;;;;;;
GRIS METALICO BASE P/ KK0;KK0;DUCO;820;200;200;90;260;10;40;;;;;;;;;;
BRONZE MET BASE P/ 46V;46V;DUCO;360;833;70;470;100;;;;;;;;;;;;
BRONZE MET BASE P/ ZVC;ZVC;DUCO;100;31;14;20;3;2;200;;;;;;;;;;
VERDE BASE MET P/ DR3;DR3;DUCO;40;3;2;13;5;15;36;;;;;;;;;;
AZUL METALICO VOLVO;VL-1;SER;1070;300;205;20;;;;;;;;;;;;;
LINO PION;PION;DUCO;95;4;1;21;23;5;9;;;;;;;;;;
AZUL METALICO BASE;8T0;DUCO;240;94;24;23;2;10;;;;;;;;;;;
ALUMINIO BASE P/ KCS;KSC;DUCO;60;82;4;2;;;;;;;;;;;;;
BEIGE AMARILLO;RIVIERA;DUCO;24;9;25;38;67;;;;;;;;;;;;
VERDE BASE P/ 764;764-TOY;DUCO;220;200;150;50;200;;;;;;;;;;;;
GRIS BASE MET P/ IM;IM-KIA;DUCO;105;10;1;3;2;22;;;;;;;;;;;
BEIGE ARENA CLARO;CAPRI;DUCO;150;4;1;6;3;;;;;;;;;;;;
GRIS BASE MET P/ KNH;KNH;DUCO;60;20;22;21;6;15;;;;;;;;;;;
BEIGE AMARILLO NARANJA;RB-1;DUCO;10;1;17;39;10;80;;;;;;;;;;;
GRIS GRAPHITE;GRAPHITE;DUCO;35;1;18;53;40;;;;;;;;;;;;
BEIGE CONCRETO;CONCRETO-;DUCO;130;10;9;4;9;;;;;;;;;;;;
BEIGE BASE MET P/ 5A7;5A7;DUCO;35;1;10;15;4;90;;;;;;;;;;;
VIOLETA BASE MET ;KKSP-6;DUCO;290;50;110;330;;;;;;;;;;;;;
VERDE BASE MET P/ ZHC;ZHC;DUCO;328;110;160;17;5;50;130;;;;;;;;;;
GRIS BASE MET P/ 183;183-TOY;DUCO;80;14;30;17;14;;;;;;;;;;;;
AZUL BASE MET P/ MPB;MPB;DUCO;90;24;102;8;170;;;;;;;;;;;;
ROBLE TERMO NEGRO MATE;TERMO;DUCO;80;13;5;8;14;37;;;;;;;;;;;
PINO ALAND BLANCO;PINO;DUCO;120;32;4;2;;;;;;;;;;;;;
GRIS METALICO BASE;S6G;DUCO;72;30;52;6;8;7;;;;;;;;;;;
BRONZE MET BASE P/ FD-2;FD-2;DUCO;110;31;14;50;15;200;;;;;;;;;;;
TURQUESA MET P/ 760;760-MET;DUCO;35;1;3;13;4;80;;;;;;;;;;;
ROSSI;NARANJA ROSSI;SER;530;1237;38;14;346;62;60;;;;;;;;;;
GRIS BASE MET P/ X56;X56;DUCO;245;130;5;12;5;;;;;;;;;;;;
BEIGE METALICO BASE;1A5-2;DUCO;610;5;45;5;5;5;5;180;;;;;;;;;
AZUL CELESTE MET;PAPELITO-1;DUCO;88;;3;10;1;40;;;;;;;;;;;
MARRON BASE MET P/ ZEL;ZEL;DUCO;203;280;100;100;100;;;;;;;;;;;;
NARANJA BASE MET;4W5;DUCO;310;40;30;4;50;;;;;;;;;;;;
ROJO BASE;A20-HKS;DUCO;1330;150;11;500;;;;;;;;;;;;;
SILVER MET;A66-HKS;DUCO;2130;40;3;3;340;;;;;;;;;;;;
VERDE BASE MET P/ DS2;DS2-HKS;DUCO;308;220;522;30;40;;;;;;;;;;;;
ROJO METALICO BASE;BEG;DUCO;7;73;38;9;5;13;;;;;;;;;;;
VERDE BASE MET P/ 6P3;6P3-HKS;DUCO;87;40;10;16;;;;;;;;;;;;;
VERDE VIVA INTENSO;VIVAS-3;DUCO;150;18;;;;;;;;;;;;;;;
VERDE BASE P/ FHVL-17;FHVL-17;DUCO;537;124;8;12;3;243;;;;;;;;;;;
FERRARO CRISTALO;FERRARO;DUCO;15;8;25;2;30;25;48;;;;;;;;;;
VERDE BASE MET P/ D13;D13-HKS;DUCO;20;5;124;25;28;233;;;;;;;;;;;
AZUL BASE MET P/ B23;B23-HKS;DUCO;750;50;30;10;1000;;;;;;;;;;;;
BEIGE BASE MET P/ 5A7;5A7-HKS;DUCO;52;0,2;4;5;0,5;7;;;;;;;;;;;
BLANCO BASE P/ Z7T;Z7T-HKS;DUCO;161,7;0,6;0,3;5,3;0,1;0,7;;;;;;;;;;;
BLANCO BASE P/ W75;W75-HKS;DUCO;2415;17;8,5;3;5;30;;;;;;;;;;;
GRIS SILVER MET;R2T-HKS;DUCO;290;5;2;2;8;24;61;150;;;;;;;;;
GRIS BASE MET P/ ZTN;ZTN-HKS;DUCO;330;13;55;3;9;;;;;;;;;;;;
BEIGE NARANJA CLARO;MELAN-1 HKS;DUCO;68;70;3;1;2;16;;;;;;;;;;;
BLANCO BASE P/ 089;089-HKS;DUCO;192;0,5;0,7;4;;;;;;;;;;;;;
AMARILLO BASE P/ PU;98725-HKS;DUCO;1100;534;340;;;;;;;;;;;;;;
GRIS BASE MET P/ ZDL;ZDL-HKS;DUCO;30;1;4;30;1;70;;;;;;;;;;;
ROJO BASE MET P/ 41V;41V-HKS;DUCO;288;24;36;240;510;;;;;;;;;;;;
GRIS METALICO BASE;KDG-HKS;DUCO;260;40;38;8;25;38;70;;;;;;;;;;
VERDE BASE MET P/ 6Q7;6Q7-HKS;DUCO;200;3;11;210;;;;;;;;;;;;;
ROJO BASE;7512-VL;DUCO;927;2;20;10;103;350;;;;;;;;;;;
GRIS SILVER MET;545-NIS;DUCO;700;10;10;10;5;230;100;;;;;;;;;;
SILVER MET BASE;3D-HKS;DUCO;90;1;60;;;;;;;;;;;;;;
BLANCO BASE P/ 042;042-HKS;DUCO;148,8;4,8;0,1;3,6;;;;;;;;;;;;;
GRIS SILVER MET BASE;WJX-HKS;DUCO;200;80;65;6;5;40;;;;;;;;;;;
AMARILLO BASE;5A3-HKS;DUCO;2600;70;40;180;;;;;;;;;;;;;
BEIGE GRIS;CUBANITA-ALT;DUCO;240;30;195;40;35;6;;;;;;;;;;;
MARRON NOGAL;NOGAL-ALT;DUCO;47;27;21;11;9;23;;;;;;;;;;;
NARANJA BASE;MCL-HKS;DUCO;700;400;60;236;100;;;;;;;;;;;;
VERDE METALICO;6M1-HKS;DUCO;375;30;830;180;370;;;;;;;;;;;;
ROJO BASE MET;528-HKS;SER;700;200;100;300;390;;;;;;;;;;;;
MARRON COÑAQUE;COÑAQ;DUCO;65;28;3;28;30;;;;;;;;;;;;
GRIS BASE MET P/ ZZP;ZZP-HKS;DUCO;300;50;50;;;;;;;;;;;;;;
SILVER MET BASE;1D6-HKS;DUCO;120;20;15;3;1;2;;;;;;;;;;;
AZUL BASE MET P/ 8M6;8M6-HKS;DUCO;40;6;10;100;;;;;;;;;;;;;
GRIS METALICO BASE;R4G-HKS;DUCO;300;20;60;7;2;;;;;;;;;;;;
NARANJA BASE;FHVL-18;DUCO;838;2;50;30;;;;;;;;;;;;;
VERDE BASE MET P/ 6P1;6P1-HKS;DUCO;200;70;50;100;190;190;;;;;;;;;;;
MARRON BEIGE;PLAS-HKS;DUCO;820;1600;730;190;450;;;;;;;;;;;;
BEIGE ROBLE KENDA SINTETICO;KENDA-SER;DUCO;370;3,5;16;6,5;350;;;;;;;;;;;;
BEIGE METALICO BASE;KX6-HKS;DUCO;262;27;2;20;5;55;4;30;;;;;;;;;
GRIS METALICO BASE;WV2-HKS;DUCO;70;24;2;60;1;;;;;;;;;;;;
GRIS METALICO BASE;CH-HKS;DUCO;70;8;1;70;2;1;;;;;;;;;;;
NARANJA BASE;NARA-BASE;SC;600;253;220;940;;;;;;;;;;;;;
AZUL MEDITERRANEO;4567-VW;SC;450;1700;1100;100;60;50;;;;;;;;;;;
BLANCO BASE P/ QT1;QT1-HKS;DUCO;162;1,8;0,1;0,1;0,4;0,4;4,6;;;;;;;;;;
BEIGE MET BASE P/ KJ1;KJ1-HKS;DUCO;120;1;7;20;;;;;;;;;;;;;
GRIS MET BASE P/ KEY-2;KEY-2-HKS;DUCO;100;37;3;1;1;2;;;;;;;;;;;
VERDE BASE MET P/ G84;G84-HKS;DUCO;480;220;20;90;;;;;;;;;;;;;
GRIS MET BASE;V3G;DUCO;150;15;15;15;60;140;;;;;;;;;;;
AZUL BASE METALICO;8K5-HKS;DUCO;200;40;270;5;60;330;;;;;;;;;;;
BEIGE ARENA;BERLIN-HKS;DUCO;120;36;6;2;;;;;;;;;;;;;
BLANCO BASE P/ ZHJ;ZHJ-HKS;DUCO;2080;23;9,7;2,6;15;;;;;;;;;;;;
DORADO MET TT-07;TT-07;DUCO HKS;11;8;121;10;9;;;;;;;;;;;;
AZUL METALICO BASE;C1M-HKS;DUCO;95;7;55;60;110;95;;;;;;;;;;;
ROJO LISO BASE P/ B76;B76-HKS;DUCO HKS;72;8;345;;;;;;;;;;;;;;
AZUL METALICO BASE;B76-MIT;DUCO HKS;520;50;12;130;168;470;;;;;;;;;;;
METALLIC SUEDE;SUEDE-HKS;DUCO;170;14;24;5;1;;;;;;;;;;;;
GRIS GRAFITO;GRAFITO-HKS;DUCO;60;1;50;36;90;;;;;;;;;;;;
BEIGE ROBLE KENDA ENCERADO;ENCERADO;DUCO HKS;84;3;26;14;47;;;;;;;;;;;;
AMARILLO NARANJA;VJ-03;DUCO;860;90;212;41;;;;;;;;;;;;;
GRIS VERDE BASE MET P/ G26;G26;DUCO;105;180;52;10;50;;;;;;;;;;;;
ROSA VIEJA;ROSA VIEJA;DUCO;100;40;3;9;2;;;;;;;;;;;;
AZUL METALICO BASE P/ RAQ;RAQ-HKS;DUCO HKS;200;10;100;230;70;300;;;;;;;;;;;
DORADO MET BASE S74;S74;DUCO HKS;130;4;5;7;;;;;;;;;;;;;
NARANJA MET BASE 21F;21F;DUCO HKS;50;3;62;14;22;;;;;;;;;;;;
AMARILLO BASE P/ ZFT;ZFT-HKS;DUCO HKS;183;1;40;;;;;;;;;;;;;;
GRIS BASE MET P/ KAD;KAD;DUCO HKS;66;30;3;110;;;;;;;;;;;;;
COBRE MET VW 75 BRA;3475-HKS;DUCO HKS;70;70;5;15;;;;;;;;;;;;;
GRIS METALICO BASE;301/B-HKS;DUCO HKS;75;2;24;3;4;50;;;;;;;;;;;
BEIGE ARENA;CAFELATTE;DUCO HKS;80;60;15;13;;;;;;;;;;;;;
BEIGE ARENA;CANELA;DUCO HKS;65;70;15;16;2;;;;;;;;;;;;
A4A;TRUE RED;MAZDA;110;50;40;;;;;;;;;;;;;;
574-TOY;PALE YELLOW OPAL MET_VJ;TOYOTA;87,7;32,5;15;25;20;2,5;;;;;;;;;;;
ZFT;CHAMPION YELLOW 4;SUZUKI;215;1,4;1,4;;;;;;;;;;;;;;
ZDF;SUPREME RED PEARL;SUZUKI;42,1;10,8;53,7;39,2;12,7;12,7;10;3,5;0,7;;;;;;;;
Y29;SCUBA BLUE MET_VJ;SUZUKI;5,5;4,4;4,4;0,4;47,1;42,2;34,2;29;10,4;8,2;;;;;;;
ZNB;FERVENT RED_VJ;SUZUKI;110;50;25;0,5;;;;;;;;;;;;;
8K0;DARK BLUE MICA_VJ;TOYOTA;14,7;10,1;2,8;2,2;85,7;33,4;12,7;11,7;11;0,2;;;;;;;
KN4;YELLOWISH SILVER MET _VJ;NISSAN;122,2;32;19;11,1;6;3,3;0,5;0,4;1;0,2;3,3;;;;;;
CM1;LIGHT BEIGE MET_VJ;NISSAN;50;50;30;17;10;5;5;5;4;;;;;;;;
8K5;DARK PURPLISH BUE MICA MET_VJ;TOYOTA;27,3;15,7;11,7;1,8;50;37,5;20,1;14,7;4,7;;;;;;;;
8S6;DARK BLUE MICA_VJ;TOYOTA;47,5;2,5;47,6;22,5;22,5;22;15;6,5;2,5;1,9;;;;;;;
B18;DEEP WATER BLUE MET_VJ;NISSAN;84;24;1,6;32;26,4;10,4;4;1,6;;;;;;;;;
NAH;RED MET_VJ;NISSAN;31,8;14,5;9,1;1,4;71,6;36,4;25;4,5;0,7;;;;;;;;
AG2;RED-VJ;NISSAN;150;30;7,8;6;2,2;;;;;;;;;;;;
531-NIS;WHITE;NISSAN;245;1;0,6;0,2;0,2;;;;;;;;;;;;
NAC-1;NEW METALLIC RED;NISSAN;32,5;13;7,8;84,5;26;9,4;;;;;;;;;;;
3J8;WINE RED PEARL_VJ;TOYOTA;66;30;40;22;16;8;6;;;;;;;;;;
8P4;DARK BLUE MICA MET_VJ;TOYOTA;63;36;30;35;15;4;1,5;;;;;;;;;;
3R3;BARCELONA RED MET-VJ;TOYOTA;50;15;10;60;50;;;;;;;;;;;;
DR3;DARK GREEN PEARL-VJ;NISSAN;80;15;5;29;4;23;5;4;30;;;;;;;;
0904E;WHITE;GREAT WALL;220;5,5;1;;;;;;;;;;;;;;
ZFY;SONOMA JEWEL MET_VJ;SUZUKI;50;4;1;80;43;15;4;2;;;;;;;;;
K12;SILVER COOLNES MET_VJ;NISSAN;75;50;50;13;0,7;0,3;0,3;0,2;0,2;;;;;;;;
RBE;LIGHT BLUE MET_VJ;NISSAN;56;45;10;11;10;24;0,4;1;28;;;;;;;;
760-TOY;DARK TUQUOISE MET MICA-VJ;TOYOTA;28;14;6;60;38;28;1;20;;;;;;;;;
4M9;BEIGE MET_VJ;TOYOTA;82;32,8;16,4;16,4;20,5;4;2,5;2;;;;;;;;;
8M0;BLUE MICA MET_VJ;TOYOTA;16,4;13,1;8,2;65,6;57,4;32,8;;;;;;;;;;;
CR0;BEIGE MET_VJ;NISSAN;80;60;20;18;12;1,6;0,4;;;;;;;;;;
B20;BLUISH BLACK PEARL;NISSAN;22,8;5,7;102,8;17;17;11,4;5,7;1,7;;;;;;;;;
1C0-1;SILVER MET_VJ;TOYOTA;110;40;20;6,5;;;;;;;;;;;;;
ZAM;MIDNIGHT BLACK PEARL_VJ;SUZUKI;4;0,4;140;30;10;10;;;;;;;;;;;
3Q3;DARK RED MICA_VJ;TOYOTA;30;30;4;72;30;10;6;;;;;;;;;;
8G5;DARK BLUE MICA MET_VJ;TOYOTA;45;9;3;55;33;21;15;12;28;;;;;;;;
1C1;CRISTAL SILVER PEARL_VJ;TOYOTA;117,5;42,3;30,5;3,3;0,7;;;;;;;;;;;;
B34;MARINA BLUE PEARL_VJ;MITSUBISHI;45;25;86;19;7;5;5;0,5;;;;;;;;;
A37;LEGATO GREY MET PEARL_VJ;MITSUBISHI;60;20;2;7;57;24;15;2;;;;;;;;;
X56;MAJORCA BLACK MET_VJ;MITSUBISHI;35;106,5;22,5;14,5;7,5;7,5;4;;;;;;;;;;
1C0-2;SILVER MET 2_VJ;TOYOTA;110;40;20;13;0,5;0,5;0,3;;;;;;;;;;
209-TOY;BLACK MICA_VJ;TOYOTA;19;17;3;1,8;100;30;25;2;;;;;;;;;
314-BMW;HELLROT_VJ;BMW;80;52;40;40;10;;;;;;;;;;;;
5A7;SILKY GOLD MICA_VJ;TOYOTA;106;40;12;7;6;4,2;4;3,6;4;0,4;;;;;;;
6S3;DARK GREEN MICA MET_VJ;TOYOTA;17,5;16,2;15;3,1;43,5;33,7;28,5;18,8;5,6;5;;;;;;;
6P1;BLUISH GREEN MET_VJ;TOYOTA;18;16;20;7,2;60;51,2;8;8;5;2;4;;;;;;
8L2;DARK BLUE MICA MET_VJ;TOYOTA;25;10;5;2;75;25;25;25;;;;;;;;;
6Q3;LIGHT OLIVE MICA MET_VJ;TOYOTA;42;30;30;27;19;18,4;4,6;10;3;;;;;;;;
11A;BLANCO ARTICO_VJ;RENAULT;220;3,5;1,4;0,2;0,1;;;;;;;;;;;;
205-TOY;SATIN BLACK MET_VJ;TOYOTA;10;7;100;20;50;2;;;;;;;;;;;
P78;ROANNE RED PEARL_VJ;MITSUBISHI;20;17;10;4;105;12;10;5;5;3;;;;;;;
ZRJ;ABLAZE RED 2 PEARL_VJ;SUZUKI;51;14;25;5;20;7;3;6;1;3;5;55;;;;;
G99;FABRE GREEN MET_VJ;MITSUBISHI;42;30;20;6;28;21;15;15;9;1;;;;;;;
A15;SPARKLE RED MET_VJ;NISSAN;21;14;3,5;70;28;28;7;7;7;;;;;;;;
6J4;LIGHT GREEN MET_VJ;TOYOTA;84;35;21;14;20;8,4;7;3,5;2;1,4;;;;;;;
1D4;SILVER MET_VJ;TOYOTA;74;60;50;3;3;1;;;;;;;;;;;
6J7;GREEN MET_VJ;TOYOTA;27;27;13,5;9;44;24,3;20,7;18;1,8;;;;;;;;
8S9;LIGHT BLUE MICA MET_VJ;TOYOTA;75;50;30;20;11;1;;;;;;;;;;;
WA9075;TORCH RED_VJ;CHEVROLET;80;69;36;2,7;;;;;;;;;;;;;
3488;VRMELHO BARI_VJ;FORD;125;35;15;12;;;;;;;;;;;;;
3H7;RED_VJ;TOYOTA;91;52,2;39,7;8;0,2;;;;;;;;;;;;
E30;YELLOW PEARL MET_VJ;NISSAN;45;19;18;13,5;56;22,5;9;2,2;0,9;;;;;;;;
AR2;RED_VJ;NISSAN;82;65;22;8;3;;;;;;;;;;;;
3F4;RED_VJ;TOYOTA;88,8;33,3;29,6;27,4;7,4;4,4;0,5;;;;;;;;;;
32H;MOCHA MICA_VJ;MAZDA;35;20;15;10;75;18;10;3;1,5;;;;;;;;
91093-VL;VINTAGE BEIGE MET_VJ;VOLVO;103,5;54;4,5;13,5;4,5;4;2,3;0,9;0,4;;;;;;;;
KV1;CHARCOAL MET_VJ;NISSAN;51,3;27;21,6;14,3;54;8,1;7;4;3,5;1,9;;;;;;;
6N5;DARK GREEN MET_VJ;TOYOTA;9;6;90;30;18;13;10;10;8;;;;;;;;
ZFM;SUNLIGHT COPPER PEARL_VJ;SUZUKI;43;38;15;40;25;20;6;4;;;;;;;;;
P19;RED MET_VJ;MITSUBISHI;35;10;10;4;70;20;20;9;;;;;;;;;
4P9;GREYISH  BROW METALLIC_VJ;MITSUBISHI;60;50;23;21;13;9;3;2;;;;;;;;;
K23-2;PRATA CLASSIC_VJ (mas fino);NISSAN;80;50;45;5;5;1;1;;;;;;;;;;
PGJ;WILWOOD GREEN PEARL COAT_VJ;JEEP;58,5;19,5;15,6;14,3;45,5;17;11,7;;;;;;;;;;
4N9;BEIGE OPAL MICA MET_VJ;TOYOTA;60;30;24;20;10;13;10;3;;;;;;;;;
G25;FINESS GREEN PEARL_VJ;MITSUBISHI;26;24;96;20;6,4;6;2,2;0,4;;;;;;;;;
PVB;INDIGO BLUE PEARL_VJ;JEEP;17;4,5;60;53;35;15;11;1;;;;;;;;;
ZNW;FIRE BRICK RED MET_VJ;SUZUKI;64;9;2;5;23;11;5;17;4;50;;;;;;;
ZKY;PARADISE BLUE MET_VJ;SUZUKI;75;20;2;88;3,2;0,8;;;;;;;;;;;
T88;MOON LIGHT BLUE PEARL_VJ;MITSUBISHI;50;31,5;40;30;25;15;2;0,7;;;;;;;;;
A69;SATELLITE SILVER MET_VJ;MITSUBISHI;84;70;14;15,4;2,8;0,8;;;;;;;;;;;
H66;ARM0R CHARCOAL GREY PEARL_VJ;MITSUBISHI;25;2,3;1;50;10,5;3,3;6,3;0,3;0,2;95;;;;;;;
KAH;PINKISH SILVER PEARL MET_VJ;NISSAN;90;25;22;40;7;5;2;0,1;;;;;;;;;
AH3;BRIGHT RED PEARL_VJ;NISSAN;30;20;21;60;50;18;2;;;;;;;;;;
LS7;GREYISH PURPLE MET_VJ;NISSAN;45;35;25;10;30;17;12;11;10;4;;;;;;;
3H4;MAPLE RED MICA_VJ;TOYOTA;24,8;9,3;93;59;3;0,6;0,3;;;;;;;;;;
3Q8;DARK RED MICA_VJ;TOYOTA;59;25;5;55;31,5;15;6,5;;;;;;;;;;
3K9;LIGHT TAUPE MET_VJ;TOYOTA;62,4;57,6;48;11,5;9,6;1,9;1,2;;;;;;;;;;
CR0;BEIGE MET_VJ;NISSAN;80;60;20;18;12;1,6;0,4;;;;;;;;;;
KL1;BLUISH GREY PEARL_VJ;NISSAN;63;45;18;36;9;5,4;4,5;1,8;0,9;;;;;;;;
CAA;REDISH BEIGE MET_VJ;NISSAN;80;63;18;15;12,5;4;1;;;;;;;;;;
042-TOY;WHITE PEARL_VJ;TOYOTA;38;13,2;0,3;15,2;125,3;;;;;;;;;;;;
6M3;GREYISH GREEN MET_VJ;TOYOTA;85;20;33;25;18;18;;;;;;;;;;;
3L3;MAGENTA MICA_VJ;TOYOTA;27;18;6,3;85,5;27;15,5;4,5;2,5;;;;;;;;;
4Q2;BEIGE MICA MET_VJ;TOYOTA;42,6;36,6;66,6;21,6;11,6;5;4;1;0,5;;;;;;;;
U17;TITANIUM GREY MET_VJ;MITSUBISHI;66,5;28,5;22;23;40,7;7,6;4,7;0,9;0,9;;;;;;;;
3R3;BARCELONA RED MET-VJ;TOYOTA;50;15;10;60;52;3;;;;;;;;;;;
1D6;SILVER MET_VJ;TOYOTA;32,5;20;17,5;5;8;3;2,7;0,8;0,5;18;;;;;;;
058-TOY;WHITE_VJ;TOYOTA;230;2,3;1;0,6;;;;;;;;;;;;;
3E5-TOY;SUPER RED_VJ;TOYOTA;145;30;6;25;;;;;;;;;;;;;
1A0-1;BLUISH SILVER MET_VJ;TOYOTA;85,5;50,7;23;14,7;2,7;2,7;1,7;1;;;;;;;;;
KY0;SPORTY SILVER MET_VJ;NISSAN;64;40;40;33;6;5,8;0,7;;;;;;;;;;
6P4;GREEN OPAL MET_VJ;TOYOTA;75;16;70;22;6;2;;;;;;;;;;;
1611-VL;AZUL NAVAL SAMURAY_VJ;VOLVO;140;55;21;;;;;;;;;;;;;;
1604-VL;AZUL VOLVO_VJ;VOLVO;155;37;15;;;;;;;;;;;;;;
W32;FAIRY WHITE_VJ;MITSUBISHI;255;1,4;1;0,2;0,4;0,3;;;;;;;;;;;
91484-VL;VERDE_VJ;VOLVO;148;25;19;15;;;;;;;;;;;;;
91484-VL-2;VERDE_VJ   (mas amarillo);VOLVO;148;27;19;23;2;;;;;;;;;;;;
Z2S-APB;SILKY SILVER MET_VJ;SUZUKI;60;50;30;15;15;8;3;2,5;;;;;;;;;
K08;GOLD METALLIC_VJ;MITSUBISHI;27,5;14,3;13,2;52,8;35,2;16,5;13,2;8,8;3,3;;;;;;;;
QM1-2;ASPEN WHITE 2_VJ;NISSAN;240;0,5;0,1;0,1;;;;;;;;;;;;;
QM1-1;ASPEN WHITE_VJ;NISSAN;255,5;0,9;0,7;0,1;;;;;;;;;;;;;
1103-VL;WINTER WHITE_VJ;VOLVO;241,5;3,3;3,1;0,2;0,2;;;;;;;;;;;;
056-TOY;WHITE_VJ;TOYOTA;228,8;0,8;1;0,1;;;;;;;;;;;;;
CH 6;LIGHT SILVER MET_VJ;CHINITO;81,2;50;40;6,2;3,7;3,7;0,2;;;;;;;;;;
FW;BLUISH RED_VJ;HYUNDAI;138;33,8;23;0,6;0,6;;;;;;;;;;;;
26U-2;WHITE MÁS BLANCO;SUZUKI;230;0,6;0,2;0,3;;;;;;;;;;;;;
1F7;SILVER MET_VJ;TOYOTA;100;45;30;8;1;;;;;;;;;;;;
26U-3;WHITE   1 (mas amarillo);SUZUKI;230;0,6;0,2;0,6;;;;;;;;;;;;;
PORCHE;NARANJA PORCHE_VJ;PORCHE;50;50;40;5,4;44;;;;;;;;;;;;
587-TOY;CHAMPAGNE MICA MET;TOYOTA;75;35;24;12;23;12;3;;;;;;;;;;
FP0;BLUISH GREEN MET PEARL_VJ;NISSAN;20,8;18,2;15,6;2,6;36,4;33,8;3,9;52;;;;;;;;;
K27-1;STRUCTURAL GREY MET_VJ;NISSAN;39,1;23,4;3,4;83,7;32,3;8,5;6,4;1,2;0,5;;;;;;;;
CAE;CHOCO GLAS MET_VJ;NISSAN;99,1;20,4;17;3,4;2,5;10;10;5,4;4,2;1;30;;;;;;
98568-3;BLUE GREY_VJ;VOLVO;49,4;43,3;42,9;15;13,2;12,5;11;;;;;;;;;;
6M1;DARK GREEN MICA_VJ;TOYOTA;23,8;7,1;2,3;0,6;47,6;47,1;33,3;20,2;10;;;;;;;;
33Y;ICY BLUE MET_VJ;MAZDA;95;34;17;17;8,5;10;1,7;0,3;;;;;;;;;
049-TOY;WHITE PEARL_VJ;TOYOTA;33,6;12,6;8,4;14;1,1;126;;;;;;;;;;;
P03;DARK RED PEARL_VJ;MITSUBISHI;28,1;26,4;15,2;4,4;57,2;19,4;15,8;14;7;;;;;;;;
A66;COOL SILVER MET_VJ;MITSUBISHI;100;36,3;14,5;13,6;6,4;5,8;5,4;2,4;;;;;;;;;
Z2S-ANT;SILKY SILBER MET_VJ;SUZUKI;101,2;33,2;18,4;18,4;6,4;5,5;1,8;0,2;0,1;;;;;;;;
KX0;PLATINUM MET_VJ;NISSAN;63,8;38,3;23,3;35;17,8;4,4;2;0,4;0,2;;;;;;;;
583-TOY;CHAMPAGNE MET_VJ;TOYOTA;82,5;30;19,5;3;31,5;9;7,5;6;3;1,5;;;;;;;
Z2U;CAT'S EYE BLUE MET_VJ;SUZUKI;54;4;4;2;50;30;28;18;;;;;;;;;
D06;BLUE PEARL_VJ;MITSUBISHI;24;10;4,4;4;3,8;98;18;16;0,2;0,2;;;;;;;
B01;LAPIZ BLUE PEARL_VJ;MITSUBISHI;39,6;27;15;7,2;45;27;16,2;3,6;;;;;;;;;
FHVL-1;VERDE LIMON_VJ;VOLVO;106,8;60;29;22,5;;;;;;;;;;;;;
183-TOY;DARK BLUISH GREY MICA MET_VJ;TOYOTA;56;18;10;46;2;2;6;40;2;16;;;;;;;
ZCC;SILKY SILVER II_VJ;SUZUKI;81,5;60;8,8;18;2,6;0,1;;;;;;;;;;;
BW2;MEDIUN BLUE MET_VJ;NISSAN;89,6;21;1,4;22,4;0,4;2,8;7;47,6;;;;;;;;;
ZDK;CLEAR BEIGE MET_VJ;SUZUKI;120;10;2;1;18;8;2,5;22;;;;;;;;;
A20;STARLED RED_VJ;NISSAN;90;7;16;58;20;;;;;;;;;;;;
FHVL-6;AMARILLO VOLVO;VOLVO;68,5;24,7;52;0,6;0,4;93,3;;;;;;;;;;;
8K9;PURPLISH BLUE MICA MET;TOYOTA;56,3;21,3;16,3;29;21,3;17;10,5;3,3;6;;;;;;;;
NIS;BLUISH SILVER MET_VJ;NISSAN;70;50,4;50,4;2,2;4,2;0,5;4,2;0,2;1,6;2,5;;;;;;;
6Q7;DARK GREEN MICA_VJ;TOYOTA;42,1;4;3,4;1;40;27;4;29;6,8;5;6;20,4;;;;;
KAS;PURPLISH SILVER PEARL MET_VJ;NISSAN;100;30;13;15;10;4;4;1,5;2;;;;;;;;
TRT;TORITO WHITE_VJ;CHINITO;220;0,3;1,6;0,3;0,05;;;;;;;;;;;;
CTR-1;MARRON ROJISO _VJ;TOYOTA;370;14;4;75;;;;;;;;;;;;;
CTR-3;MARRON SOCALO_VJ;TOYOTA;54,7;2,5;12,2;24,4;58,4;62,8;;;;;;;;;;;
CTR-2;BEIGE INTERMEDIO_VJ;TOYOTA;113;70;7,2;5;6,7;;;;;;;;;;;;
Z2V;MARS GOLD MET_VJ;SUZUKI;48,1;16,9;16,9;27,3;19,5;2,6;49,4;;;;;;;;;;
QT1;BLANCO BASE P/ QT1_VJ;NISSAN;219,8;0,1;0,1;0,6;1,2;;;;;;;;;;;;
3F4-1;RED_VJ;TOYOTA;37;13,8;76,3;14,8;4,1;49,7;1;0,8;;;;;;;;;
1611-1;AZUL NAVAL _VJ;VOLVO;122,2;48,8;26,3;0,3;;;;;;;;;;;;;
KAC;GREYISH BROW MET_VJ;NISSAN;30;62,5;12,5;50;25;7,5;0,7;0,5;;;;;;;;;
FHVL-7;ROJO_VJ;VOLVO;10,6;14;87,8;20;6;0,8;2,5;75,5;;;;;;;;;
FHVL-9;AZUL OSCURO MASCARA_VJ;VOLVO;57,6;29,2;10,5;2,4;112,3;;;;;;;;;;;;
ZJP;NOCTURNE BLUE PEARL_VJ;SUZUKI;57;25;50;24;26;;;;;;;;;;;;
QX1;WHITE PEARL_VJ;NISSAN;13,2;13,2;0,7;47;113;;;;;;;;;;;;
046-TOY;OPAL WHITE PEARL_VJ;TOYOTA;27;15;20;120;;;;;;;;;;;;;
QX1-BASE;WHITE PEARL_VJ;NISSAN;221,3;1,4;1,6;0,1;0,1;0,7;0,4;;;;;;;;;;
3D;BRIGHT SILVER MET_VJ;KIA;10;164;20;0,4;;;;;;;;;;;;;
W13-BASE;BLANCO BASE_VJ;MITSUBISHI;220;3,6;2,4;0,3;0,2;;;;;;;;;;;;
W13;WHITE PEARL_VJ;MITSUBISHI;35;3;20;135;;;;;;;;;;;;;
K27;STRUCTURAL GREY PEARL 2_VJ;NISSAN;32;22;20;6;64;16;12;10;0,8;0,4;;;;;;;
A39;MEDIUM PURPLISH GREY MICA_VJ;MITSUBISHI;39,6;39,6;9;18;5,4;54;0,3;0,9;7,2;12,6;;;;;;;
369-RE;BLANC GLACIER_VJ;RENAULT;220;1,8;0,7;0,4;0,1;0,2;0,1;;;;;;;;;;
91484-3;VERDE_VJ MAS AZUL;VOLVO;142,1;36;11,6;13,4;6;;;;;;;;;;;;
QM1-3;ASPEN WHITE 3_VJ;NISSAN;240;0,5;0,1;0,05;0,05;;;;;;;;;;;;
1E9-TOY;CINZA CHUMBO;TOYOTA;65;21;10;9;10;80;20;1;4,7;;;;;;;;
1E9-2 TOY;CINZA CHUMBO MET_VJ;TOYOTA;70,2;18;4,5;7,2;4,1;58,5;27;4;0,8;0,7;;;;;;;
PORCHE;NARANJA PORCHE_VJ;PORCHE;50;50;40;5,4;44;;;;;;;;;;;;
747-TOY;DEEP TOURQUOISE MET_VJ;TOYOTA;138,6;9,8;2,8;0,7;14;8,4;21;;;;;;;;;;
DN1;GREEN PEARL_VJ;MITSUBISHI;71;14;5;2,8;0,6;27;24;45;;;;;;;;;
058-ANT;WHITE_VJ;TOYOTA;200;2,6;1,6;0,3;0,4;;;;;;;;;;;;
CN;ATLANTIC BLUE MICA_VJ;HYUNDAI;56;30,8;15,4;0,4;3,6;5,6;81,2;;;;;;;;;;
4P9;GREYISH  BROW METALLIC_VJ;MITSUBISHI;60;50;23;27;19;14;4;;;;;;;;;;
CDR-2;VERDE CLARO_VJ;NISSAN;50;7;7;1;148;;;;;;;;;;;;
3H4-SLX;MAPLE RED MICA_VJ;TOYOTA;124;46;930;295;120;46;100;5;42;400;;;;;;;
1B9;QUICK SILVER MET_VJ;TOYOTA;73,2;52,4;2,2;22;7,4;8,3;0,6;0,6;1,3;22,2;;;;;;;
3H4;MAPLE RED MICA_VJ;TOYOTA;930;105;300;86;90;1500;130;80;20;108;120;60;;;;;
1618-VL;JAIPUR BLUE_VJ;VOLVO;104;35;30;20,5;9;;;;;;;;;;;;
8K8;DARK BLUE PEARL_VJ;TOYOTA;72,8;36,4;16;10;13,6;13,6;25,5;4,5;1,3;;;;;;;;
3E5  TOY OSC;SUPER RED_VJ;TOYOTA;175;37,5;8;100;;;;;;;;;;;;;
2701-VL;SILVER_VJ;VOLVO;30;115,5;9;7,5;21;0,8;3;1,8;;;;;;;;;
3P0;SUPER RED 5_VJ;TOYOTA;167;1;6;34;;;;;;;;;;;;;
1B9-1;QUICK SILVER MET_VJ;TOYOTA;96;30;0,8;0,4;0,8;10;16;14;26;;;;;;;;
168-TOY;GREY MET_VJ;TOYOTA;30;39;18;2,6;1,3;24;30,1;6;25;;;;;;;;
26U-1;WHITE MÁS AMARILLO;SUZUKI;230;0,9;0,3;0,1;1,2;;;;;;;;;;;;
Z7T-BASE;BLANCO BASE P/ Z7T_VJ;SUZUKI;209;0,9;1,2;0,7;0,4;0,6;0,2;1;;;;;;;;;
R59;PALMA RED_VJ;MITSUBISHI;155;24;8;9;1;18;;;;;;;;;;;
ORO;DOURADO PAN DE ORO MICA MET_VJ;FARBEN;39,6;25,2;18;19,8;21,6;10,8;0,9;5,4;7,2;36;;;;;;;
K21;GREY PEARL MET_VJ;NISSAN;82;2,7;1,3;4;0,3;0,4;4,3;4,5;7,3;2,5;72,8;;;;;;
B76-1;ROUGE DE FEU NACRE MET_VJ;RENAULT;63,2;16,7;38,6;6;3;3;0,5;3;1,3;16,6;38,7;;;;;;
KR4;SILVER MET_VJ;NISSAN;76,5;55;22;1;26,6;6;2,3;0,5;1;;;;;;;;
BEG;SIGNAL RED MET-VJ;KIA RIO;63;13,5;9;4,5;9;8;85,5;;;;;;;;;;
ZHJ-BASE;BLANCO BASE P/ ZHJ_VJ;SUZUKI;329;0,5;4;0,3;0,2;0,1;0,3;3;;;;;;;;;
1A0-2;BLUISH SILVER MET_VJ;TOYOTA-NOAH;120;46;2;10;4,5;6;3,5;4;1;;;;;;;;
CAT-81;AMARILLO CATERPILLAR;CATERPILLAR;650;440;6;19;70;230;2600;;;;;;;;;;
ZMU;STAR SILVER MET_VJ;SUZUKI;60;50;70;0,8;7;;;;;;;;;;;;
B07;BLUE_VJ;DAIATSU;160;275;150;22;73;80;1060;;;;;;;;;;
GELO;BLANCO GELO_VJ;BUS FLOTA;190;5;4;1,5;1,1;4,7;;;;;;;;;;;
R54;DARK RED MICA_VJ;TOYOTA;37;11,8;0,2;16;12;26;80;5;2;;;;;;;;
6981-VW;VERDE NICE;VOLKSWAGEN;900;367;440;300;20;20;60;20;215;;;;;;;;
FHVL-10;RED;VOLVO;2000;1100;140;320;;;;;;;;;;;;;
3Q2;DARK REC MICA_VJ;TOYOTA;91;33;14;8;5;38;3;;;;;;;;;;
ZRZ;BOOTS BLUE MET_VJ;SUZUKI;5;1;12;10;2;30;32;37;1;2;;;;;;;
C41;GREYISH BROWN MET_VJ;NISSAN;75;32;12;29;47;39;8;3;34;16;40;5;3;100;;;
FT-2;BROWN MICA MET_VJ;FOTON;22,6;28;9,6;10,3;9,6;4,3;5,6;3,2;15,4;1,1;0,7;36,4;36,2;;;;
NAC-2;NEW METALLIC RED MÁS OSCURO;NISSAN;32,5;13;7,8;84,5;26;9,4;10;1,8;2;;;;;;;;
1A5;WARM GREY PEARL MET_VJ;TOYOTA;94;34;16;14;19;2;16;;;;;;;;;;
DR2;GREEN  PEARL _VJ;NISSAN;64;1;2;10;40;36;2;;;;;;;;;;
DJ3;SAGE GREEN MET _VJ;NISSAN;43,2;36;25,2;27;9;18;1,8;23,4;;;;;;;;;
K26;HIPO GREY  MET_VJ;NISSAN;20,4;1,8;11,4;27;93;12;3,6;7,2;6;9;;;;;;;
R40;RED_VJ;TOYOTA;72,5;104,4;8,7;5,5;17;;;;;;;;;;;;
UD;CLEAR WHITE_VJ;KIA;225;0,3;0,2;0,1;0,1;;;;;;;;;;;;
MARCH;ROJO PERLA_VJ;NISSAN;20;59;1,8;7,3;0,6;71,7;1;0,7;1,8;9,6;5;6;21;32,5;15;;
BUS-1;AZUL BERMEJEÑO MET_VJ;BUS FLOTA;210;80;70;2;40;;;;;;;;;;;;
3P1;RED MICA MET-VJ;TOYOTA;50;3,5;60;3;3,5;30;40;;;;;;;;;;
P85;PALMA RED_VJ;MITSUBISHI;100;7;13;67;;;;;;;;;;;;;
D14;DARK BLUE PEARL_VJ;MITSUBISHI;52;20;16;29;17;12;3;12;1;3;18;10;;;;;
8K9;PURPLISH BLUE MICA MET;TOYOTA;7;10;4;5;6;29;1;0,5;3;;;;;;;;
W19;WHITE_VJ;DAIATSU;222;0,8;0,2;0,2;0,2;;;;;;;;;;;;
ZGA;GREY MET_VJ;SUZUKI;70;36;46;42;20;35;25;3;20;100;;;;;;;
ZMT;BLANCO BASE P/ ZMT;SUZUKI;220;0,3;0,8;0,4;0,2;0,1;0,1;;;;;;;;;;
656-NIS;LIGHT GOLD PEARL MET_VJ;NISSAN;30;10;2;10;2;1;9;6;;;;;;;;;
ZYA;OXFORD BLUE MET_VJ;SUZUKI;79;28;22,5;10,8;1,8;22,5;12,6;3,6;3;1;;;;;;;
6K6;GREYISH GREEN MET_VJ;TOYOTA;7,5;37,5;3;24;15;27;34,5;19,5;3;6;;;;;;;
FHVL-11;GRIS OSCURO_;VOLVO;27;2;9;12;3;5;;;;;;;;;;;
6T3;DARK GREEN MICA_VJ;TOYOTA;50,4;14;5,6;5,6;19,6;61,6;33,6;;;;;;;;;;
AY4;RED MET_VJ;NISSAN;60;12,5;7,5;40;30;10;9,7;5;2;13,3;;;;;;;
3T6;CRIMSON APARK RED MET_VJ;TOYOTA;42,5;17,5;0,5;2,7;9;55;32,5;3,3;15;5;;;;;;;
ZQZ;BLANCO BASE P/ ZQZ;SUZUKI;222;0,4;0,6;0,1;0,1;4,1;;;;;;;;;;;
W23;OFF WHITE_VJ;DAIATSU;238,5;0,4;1,2;0,1;0,5;;;;;;;;;;;;
ZNL;BLANCO BASE P/ ZNL;SUZUKI;222;1;0,1;1,4;4;;;;;;;;;;;;
1F7;SILVER MET_VJ;TOYOTA COROLLA 2020;127,7;16;0,3;25;4;4;10;;;;;;;;;;
DW0;GREEN  PEARL _VJ;NISSAN;87;1;2;5;56;30;18;4;1;4;;;;;;;
KWH;BLANCO BASE P/ KWH;JEEP;226,5;0,9;0,2;0,3;0,4;1,5;;;;;;;;;;;
Z9T;BRIGHT RED 2_VJ;SUZUKI;153,3;12,7;11,3;2;0,6;5;13;;;;;;;;;;
ZQN;PRIME ATLANTIS TURQUOISE_VJ;SUZUKI;48;4;4;2;40;40;8;2,8;13;40;;;;;;;
FT-3;WHITE_VJ;FOTON;224;0,4;0,1;0,1;0,4;0,7;;;;;;;;;;;
CTR-5;MARRON SOCALO_VJ;TOYOTA;73,4;2,6;6;20;52;44;;;;;;;;;;;
CTR-4;MARRON SOCALO_VJ;TOYOTA;88,3;2,6;5,4;34,3;45,1;54;;;;;;;;;;;
CTR-6;BLANCO VAINILLA_VJ;TOYOTA;216,7;0,7;0,3;4,2;6,7;;;;;;;;;;;;
CTR-7;BLANCO CREMA_VJ;TOYOTA;186,1;0,6;0,2;6,6;1,5;5,5;;;;;;;;;;;
CTR-8;BLANCO ARENA CLARO_VJ;TOYOTA;186,2;0,6;2,6;8;6;10;2;;;;;;;;;;
CDR-1;WHITE CAMION_VJ;NISSAN;235;0,8;0,5;0,1;0,1;0,4;0,4;;;;;;;;;;
CDR-3;VERDE FRANJA CAMION_VJ;NISSAN;34;70;1;101;;;;;;;;;;;;;
CDR-4;LILA FRANJA CAMION_VJ;NISSAN;160;2,6;3;48,4;;;;;;;;;;;;;
NAB;DARK RED PEARL_VJ;NISSAN;61,5;72;4,5;3,8;0,2;6;10,4;2,3;3;18;;;;;;;
PAR;MAXIMUN STEEL MET_VJ;JEEP;70,5;6,5;2,5;2;4;9,5;4;9;12,5;1,5;1;74;;;;;
TFP;SILKY BRONZE MET_VJ;HYUNDAI;57,6;0,2;1,7;1,7;40,1;83,4;;;;;;;;;;;
GUINDO-1;GUINDO OSCURO PERLA_VJ;MOTO;25;7;12;143;;;;;;;;;;;;;
38P;GREY PEARL MET_VJ;MAZDA;186,2;1,3;25,6;76,6;3,5;9,4;0,6;17,5;63,2;;;;;;;;
ZMV;SUPER BLACK PEARL_VJ;SUZUKI;88;2;0,1;0,4;59;2,2;30;;;;;;;;;;
ZY4;AZURE GREY PEARL_VJ;SUZUKI;70,5;38,5;9;11;3;38;10;1,5;10;0,5;1;9;;;;;
CTR-9;AZUL VIOLETA SOCALO_VJ;TOYOTA;82,2;87,6;20,4;7,4;4,8;19,2;;;;;;;;;;;
CTR-10;AZUL CELESTE INTERMEDIO_VJ;TOYOTA;71;2;90,1;3;5;4,2;20;;;;;;;;;;
X08;BLACK PEARL_VJ;MITSUBISHI;100;1,6;0,5;2;75;;;;;;;;;;;;
S74;FRASER BEIGE MET_VJ;MITSUBISHI;94;9;1,1;11;1,5;6;8;53;;;;;;;;;
6P2;DARK GREEN MICA MET_VJ;TOYOTA;7;20;5;20;23;32;1;6;19;1;25;30;;;;;
B44;BLUE MET_VJ;NISSAN;46;64;5;13;40;10;3;2;12;;;;;;;;
046-BASE;BLANCO BASE P/ 046_VJ;TOYOTA;100;1;0,3;0,8;0,3;;;;;;;;;;;;
1G3;GREY MET_VJ;TOYOTA;16,8;41,2;26,4;92;3,2;5,2;8;7,2;;;;;;;;;
ZJ3;BLUISH BLACK PEARL 3_VJ;SUZUKI;105;0,8;12;3;4;4;0,5;1,7;10;11;35;;;;;;
BEG-2;SIGNAL RED MET-VJ;KIA PICANTO;70;10;32;4;2;14;4;37;8;5;;;;;;;
199-1;SILVER MET_VJ;TOYOTA;116,9;18,2;58,4;4,8;1,4;0,3;;;;;;;;;;;
S91090;BAZINGA RED MET_VJ;VOLVO;12;44;82;3;12;4;20;12;3;;;;;;;;
B25;GENUINE GRANITE MET_VJ;NISSAN;31;21;12;4;11;43;32;10;5;2;21;;;;;;
FHVL-12;AMARILLO_VJ;VOLVO;91;0,1;0,2;0,5;20,5;29,3;77,4;;;;;;;;;;
ISEKI;AZUL VIOLETA ISEKI;ISEKI;40;34;34;;;;;;;;;;;;;;
DW6;FOREST GREEN  MET _VJ;NISSAN;50;1,5;3;3,5;53;45;4;3,5;8,5;24;;;;;;;
P06;ULTRA RED PEARL_VJ;MITSUBISHI;28,3;20,3;1,8;0,9;5,9;22,5;1,8;13,5;90;;;;;;;;
1F8;MEDIUN SILVER MET;TOYOTA;70;70;3;5;2;7;1;38;;;;;;;;;
1F7;SILVER MET_VJ;TOYOTA;120;60;10;3;;;;;;;;;;;;;
RAQ;DARK BLUE MET_VJ;NISSAN;5;2;15;2,5;11,3;67,5;7,5;6,3;75;;;;;;;;
8L4;DARK BLUE MICA_VJ;TOYOTA;110;10;41;3;10;15;70;64;10;60;2;4;;;;;
221-TOY;BLACKISH AGEHA MICA MET_VJ;TOYOTA;66;12;26;30;14;8;2;10;20;;;;;;;;
A75;THURSTON GREY PEARL_VJ;MITSUBISHI;78,3;22,5;36;7,2;13,5;2,3;8,1;10,8;6,3;6,3;;;;;;;
FORAY;AZUL PERLA_VJ;FORAY;38;2;2;4;1;1;62;;;;;;;;;;
T92;SOUNION TURQUOISE PEARL MET_ VJ;MITSUBISHI;25,6;12,8;11,2;5;2,4;40;10;22;11,2;41;;;;;;;
862-ISU;CANAL BLUE MICA_VJ;ISUZU;49,5;18;4,5;56,3;15,8;19,8;1,4;3,2;21,6;3,6;;;;;;;
LAE;DARK PURPLE PEARL_VJ;NISSAN;77,5;15;17,5;10;2,5;7,5;7,5;15;20;5;1;;;;;;
ZVR;BLANCO BASE P/ ZVR;SUZUKI;226;0,7;0,1;0,2;1;4;0,4;;;;;;;;;;
97554-VL;ROJO INTENSO_VJ;VOLVO;162;1;7,5;13,5;24;;;;;;;;;;;;
1101C;SILVER SKY MET_VJ;GREAD WALL;117,5;35;30;1;15;0,2;0,2;0,5;;;;;;;;;
FHVL-2;VERDE LIMON_VJ;VOLVO;92;80;2;10;16;;;;;;;;;;;;
B23;DARK BLUE PEARL_VJ;NISSAN;46;1;8;1;28;72;10;30;;;;;;;;;
8K1;LIGHT PURPLISH BLUE MET_VJ;TOYOTA;60;19,2;14,4;24;7,2;4,8;4,8;0,4;2,6;15;40,6;;;;;;
823-IS;STEEL BLUE MET _VJ;ISUZU;73,9;31;19,2;0,3;6,4;0,6;1;6,9;9,6;1,6;35,2;;;;;;
CDR-5;AZUL TURQUESA PEARL_VJ;NISSAN;13,4;2,2;11,2;19,6;3,4;64,4;28;1,7;44,8;1,4;5;1,1;1,1;;;;
G84;KIELDER GREEN  PEARL _VJ;MITSUBISHI;27,6;12;8,4;15,6;12;54;18;13,2;30;;;;;;;;
PAU;GRANITE CRISTAL MET_VJ;JEEP;65;37;11;9;9;15;1;1;4;5;12;25;;;;;
SAZ;GARNET RED MICA_VJ;HYUNDAI;35;12;2;20;29;35;48;8;10;;;;;;;;
P85-SLX;PALMA RED_VJ;MITSUBISHI;20,7;17;20;0,1;49,5;140;;;;;;;;;;;
0VP;DARK CLASSIC JADE PEARL_VJ;SUZUKI;50;8;13;1;19;33;10;60;;;;;;;;;
GUINDO-2;GUINDO PERLA_VJ;MOTO;25;10;6;170;;;;;;;;;;;;;
Z2S-3;SILKY SILVER MET_VJ;SUZUKI SWIFT;100;30;20;30;3;7,5;0,5;7;;;;;;;;;
FT-4;SILVER MET_VJ;FOTON;58;60,6;14,1;26;1;1,6;40;;;;;;;;;;
R57;RED MULBERRY PEARL_VJ;HYUNDAI;37;10,7;1;14,3;9,5;7,1;2,3;107,1;;;;;;;;;
ZTN;GRANITE GREY MET_VJ;SUZUKI;130;30;50;7;3;18;40;17;26;28;55;16;;;;;
1D4;SILVER MET_VJ;TOYOTA;74;60;50;3;3;1;;;;;;;;;;;
T-KING;OXFORD BLUE MET_VJ;T-KING;166;80;8;14;80;2;13;30;2;20;;;;;;;
ZHJ-2;BLANCO BASE P/ ZHJ_VJ;SUZUKI DZIRE;480;0,7;7;0,4;0,2;0,2;1;4;;;;;;;;;
RF4;XUAN DONG RED MET_VJ;CHANGAN;25;15;2;4;4;80;60;10;;;;;;;;;
Z4Q;FIRE RED_VJ;SUZUKI;80;0,8;1;1;5,9;5,6;90;14,7;;;;;;;;;
Z2S-4;SILKY SILVER MET_VJ;SUZUKI CELERIO;200;60;40;60;16;14;0,5;25;2,5;;;;;;;;
3L6;CORAL REEF PEARL_VJ;TOYOTA;32;17;7;7;7;5;10;3;2;104;;;;;;;
1G3-PR;GREY MET_VJ;TOYOTA;20;44;27;5;13;9;9;12;20;190;4;20;;;;;
746-TOY;TURQUOISE MET _VJ;TOYOTA;40;7;7;10;50;1;13;;;;;;;;;;
B76-2;ROUGE DE FEU NACRE MET_VJ;RENAULT;63,2;16,7;38,6;6;3;3;0,5;3;4;16,6;38,7;6,7;;;;;
B45;HESSEN BLUE MET_VJ;MITSUBISHI;71;257;145,7;159;9,4;15,3;15;13;13;11;39;15,3;12;10;;;
6V2;GREEN MICA MET_VJ;TOYOTA;28,8;1,6;40;20;46,4;11,2;0,8;2,4;19,2;8;7,6;;;;;;
ZQL;SANGRIA RED PEARL_VJ;SUZUKI;38;37;15;33;22;4;7;47;;;;;;;;;
725-IS;TRITON BLUE MICA _VJ;ISUZU;39;10;66;10,4;20;19;8;7;1,6;10;;;;;;;
1G3-CR;GREY MET_VJ;TOYOTA COROLLA;26;21;19;93;15;3;7;6;1;;;;;;;;
9AE;LIGHT PURPLE MICA MET_VJ;TOYOTA;80;7;54,7;12;2;40;1,3;1;;;;;;;;;
200/C;AZUL AMALFI MET_VJ;FIAT;46;11;40;15;7;9;8;11;50;10;;;;;;;
FHVL-13;ROJO OSCURO_VJ;VOLVO;200;28;2;350;50;17;180;40;;;;;;;;;
CAT-ACT;AMARILLO CATERPILLAR;CATERPILLAR;48;44;0,2;0,2;2,8;16;18;98,8;;;;;;;;;
K36;ASH MET_VJ;NISSAN;65;18;37;10;34;8;2;2;2;2;;;;;;;
ZTF;BLAZING RED PEARL _VJ;SUZUKI;40;12;14;6;34;17;1;90;;;;;;;;;
057-TOY;BLANCO BASE P/ 057;TOYOTA;201,6;0,5;0,3;0,3;0,3;;;;;;;;;;;;
FT-5;WHITE 2022_VJ;FOTON;224;1,2;0,1;0,5;1;0,3;0,9;;;;;;;;;;
Z3U;BLUE LAGOON PEARL_VJ;HYUNDAI;126,4;24;16,8;37;3,2;48;2,4;110;120;32,8;75,2;40;;;;;
T69;CERULEAN BLUE METALLIC_VJ;MITSUBISHI;100;16;38;30;1;12;20;130;;;;;;;;;
PSW;POLAR WHITE_VJ;HYUNDAI;222;0,7;0,7;0,3;0,1;;;;;;;;;;;;
C5M;CAFFE MOCHA MET_VJ;KIA;24;26;14;32;43;6;10;2;;;;;;;;;
S04;BEIGE PEARL_VJ;MITSUBISHI;110;30;70;1;30;15;6;;;;;;;;;;
B51;BLUE PEARL MET _VJ;NISSAN;133,2;31,3;41,1;91,8;26,3;27,3;100;8;1,2;7;21;25,4;103,3;;;;
CTR-11;BEIGE INTERMEDIO_VJ;TOYOTA;74;13;14,3;9;6,5;89,7;;;;;;;;;;;
165-TOY;WARM GREY MET_VJ;TOYOTA;40;30;67;20;33;5;2,5;2,5;1;3;;;;;;;
979/A;GRIS SILVERSTONE MET_VJ;FIAT;37,8;30,4;18,3;8,4;1,6;5,7;3,6;5,6;3,6;66;;;;;;;
1C2;GREY OPAL MET_VJ;TOYOTA;160;80;180;30;30;92;60;8;10;12;190;;;;;;
3501-VL;CRIMSONE PEARL_VJ;VOLVO;70;30;18;15;80;40;400;100;;;;;;;;;
R543P;VERMELHO MERCURIO PEARL_VJ;HONDA;48;9;0,5;5;4;29;0,5;7;30;91;;;;;;;
FHVL-14;AMARILLO NARANJA_VJ;VOLVO;46;2;4;39;;;;;;;;;;;;;
F26;FOREST GREEN PEARL_VJ;MITSUBISHI;45;11;4;4;9;24;45;51;;;;;;;;;
ABT;PLATINUM GRAPHITE MET_VJ;KIA;76,8;16;11,2;4,8;8,8;4;4;11,2;1,6;8,8;36;;;;;;
KEYTON-2;GREY MET_VJ;KEYTON;32;20;20;35;1,6;9;15;1;3,1;17;2,3;45;;;;;
FHVL-15;AMARILLO LIMON_VJ;VOLVO;118,8;0,2;5;13,2;0,2;66;;;;;;;;;;;
R4R;FIERY RED PEARL _VJ;HYUNDAI;59,8;2,6;4;2;10;76,3;53;;;;;;;;;;
W05;CHILLI RED PERLA_VJ;JAC;146;28;3;3;20;;;;;;;;;;;;
FHVL-16;RED MET_VJ;VOLVO;50;28;25;21;3;11;21;7;75;19;150;;;;;;
4W5;POP ORANGE PEARL_VJ;TOYOTA;70;10;8;9;4;4;12;;;;;;;;;;
EY0;LIGHT GOLD MET_VJ;NISSAN;80;53;10;4;11;21;1;1;3;37;;;;;;;
LD/LE;TURQUOISE MET _VJ;VOLKSWAGEN;42;4;6;10;7;31;22;25;41;;;;;;;;
BL3;GREYISH BLUE_VJ;NISSAN;32;5;7;4;24;;;;;;;;;;;;
DT9;SADDLE BROWN_VJ;SALCOMIX;25;27;43;50;40;6;800;;;;;;;;;;
PLATA;PLATA FRANJA_VJ;SALCOMIX;90;1;33;310;;;;;;;;;;;;;
CDR-6;VERDE INTENSO;NISSAN;95;5;21;99;;;;;;;;;;;;;
CTR-12;AZUL VIOLETA_VJ;TOYOTA;50;20;4;4;2;12;6;40;100;;;;;;;;
CTR-13;BEIGE INTERMEDIO MET_VJ;TOYOTA;65;70;30;7;39;;;;;;;;;;;;
CTR-14;DOURADO SOCALO MET_VJ;TOYOTA;20;50;20;8;50;6;2;35;;;;;;;;;
764-TOY;LIGHT AQUA OPAL MET_VJ;TOYOTA;33;40;9;3;26;1;2;3;31;18;35;;;;;;
PADCAYA;NARANJA AMARILLO_VJ;BUS FLOTA;20;32;2;1;7;8;7;60;;;;;;;;;
KAD-KS;STEEL GREY MET_VJ;NISSAN KICS;70;46;14;6;14;5;6;5;1;15;;;;;;;
1G3-DAI;GREY MET_VJ;TOYOTA;28;26;4;13;5;40;7;65;;;;;;;;;
B76-3;ROUGE DE FEU NACRE MET_VJ;RENAULT;24;13;36,7;8,6;3,2;0,8;0,5;5;5;49,2;3;50;;;;;
ZRL;SMOKY GREEN 2 MET_VJ;SUZUKI;80;24;25;2;6;5;15;37;;;;;;;;;
NAC-MH;NEW RED METALLIC-VJ;NISSAN MARCH;32,2;6,3;3,5;1,4;17,5;14,7;5,6;28;80;;;;;;;;
ZMA;QUASAR GRAY MET_VJ;SUZUKI;33;3;18;9;7;12;10;98;;;;;;;;;
ZQ6;MINERAL GREY MET;SUZUKI;60;18;6;23;22;5;25;2;5;14;;;;;;;
8W7;DARK BLUE MICA MET_VJ;TOYOTA;58;1;38;8;8;37;1;8;50;;;;;;;;
A71;HAMILTON SILVER MET;MITSUBISHI;59;37,8;15;0,5;1;10,7;6;1;1,5;0,5;;;;;;;
1610-VL;GENTIANA BLUE_VJ;VOLVO;80;17;1;3;4;62;;;;;;;;;;;
1610-SLX;GENTIANA BLUE_VJ;VOLVO;40;17;1;18;5;23;10;100;;;;;;;;;
1205C;GRIS MET_VJ;GREAD WALL;44;26;5;9;1;9;1;30;;;;;;;;;
DH6;GREYISH GREEN PEARL_VJ;NISSAN;56;16;5;20;6;2;45;36;;;;;;;;;
290-BPE;NEGRO IV_VJ;FARBEN;27;130;4;10;42;;;;;;;;;;;;
6P0;MEDIUN GREEN MICA MET_VJ;TOYOTA;64;15;12;4;47;5;29;20;3;;;;;;;;
329-NIS;DARK RED MET_VJ;NISSAN;32;2;10;1;1;20;;;;;;;;;;;
TORITO;AMARILLO CROMO;TORITO;119;7,7;4,2;2,8;0,3;31,5;56;;;;;;;;;;
RAW;SHINING BLUE PEARL METALLIC_VJ;NISSAN;18;19;11;30;3;2;6;2;16;31;5;44;;;;;
T48;METEOR GREY MET_VJ;MITSUBISHI;33;5;13;14;14;8;11;13;26;;;;;;;;
R4G;TITAN GREY MET_VJ;HYUNDAI;18;7;17;9;10;12;8;8;100;;;;;;;;
8A1;BLUE_VJ;TOYOTA;57;12;4;5;22;;;;;;;;;;;;
LATERAL;GRIS CENIZA LATERAL;YANMAR;93;15;45;51;;;;;;;;;;;;;
K23-1;BRILLIANT SILVER MET_VJ;NISSAN;66,8;25,2;53;31,6;17;3,8;1;;;;;;;;;;
199-2;SILVER MET_VJ;TOYOTA;60,7;82,1;41,7;0,9;3,9;;;;;;;;;;;;
8B5;BLUE MET_VJ;TOYOTA;96;8;13;6;1;16;32;;;;;;;;;;
98629-VL;GOLDEN YELLOW_VJ;VOLVO;182;0,4;0,4;3;49;130;587;;;;;;;;;;
042-BAS;BLANCO BASE P/ 042;TOYOTA;150,4;0,9;0,2;0,1;4,2;;;;;;;;;;;;
LUCI;SADLE BROWN PEARL;FARBEN;132;100;30;10;30;1000;;;;;;;;;;;
UD-PU;CLEAR WHITE_VJ;KIA;235;0,9;0,7;0,1;;;;;;;;;;;;;
8V7;COOL SODA MET_VJ;TOYOTA;78;13;26;13;2;11,7;0,5;5,2;48,1;;;;;;;;
1G3-R4;GREY MET_VJ;TOYOTA COROLLA;180;100;42;26;20;10;7;12;2;4;;;;;;;
BX5;BLUE_VJ;NISSAN;310;120;70;40;40;153;47;920;;;;;;;;;
186-BPA;ROJO OXIDO_VJ;FARBEN;800;15;14;1800;;;;;;;;;;;;;
EY0-2;LIGHT GOLD MET_VJ;NISSAN;210;48;21;9;4,1;4,5;17;39;1,5;61,5;;;;;;;
LUCI-2;SADLE BROWN PEARL;FARBEN;80;140;8;5;15;550;;;;;;;;;;;
EXP-1;AZUL CELESTE EXP.SUR;FARBEN;1220;45;30;135;2400;;;;;;;;;;;;
C20;BRONZE GOLD MET_VJ;NISSAN;40;16;22,4;22,4;1,3;4,8;1,6;8;0,3;32;44,8;;;;;;
2705-VL;ICED MERCURY MET_VJ;VOLVO;131;15;13;3;4;10;30;;;;;;;;;;
ZFQ;FROST BLUE MET_VJ;SUZUKI;57;10;13;3;11;5;6;12;18;70;;;;;;;
K11;SMOKE MET_VJ;NISSAN;88;18;25;8;11;2;5;2;24;;;;;;;;
KAX;DARK GREY MET_VJ;NISSAN;74;10;25;4;3;3;2;27;37;;;;;;;;
T64;DARK BLUE PEARL_VJ;MITSUBISHI;75;20;47,5;35;15;2;2;5;;;;;;;;;
ZNW-2;FIRE BRICK RED MET_VJ;SUZUKI ALTO;128;12;2;18;5;22;16;34;46;46;9;100;;;;;
36C;METROPOLITAN GREY MICA_VJ;MAZDA;21;7;17;15;1;8;5;16;5;16;71;;;;;;
DZ;LIGHT SADDLE MET_VJ;FORD;405;300;210;36;26;15;85;150;;;;;;;;;
HND-1;GRIS PLATA MET_VJ;HONDA;60;30;2;1;5;19;73;;;;;;;;;;
0FT-2;RADIANT RED MICA_VJ;SUZUKI;220;140;46;52;70;4;6;15;12;330;;;;;;;
YAC;CREAM WHITE_VJ;HYUNDAI;222,2;1,8;0,4;1;0,4;0,2;;;;;;;;;;;
LUCI-3;SADLE BROWN PEARL;FARBEN;132;230;60;30;50;100;1800;;;;;;;;;;
40M;GREEN COCKTAIL PEARL MET_VJ;CHEVROLET;70;28;6;18;6;14;47;;;;;;;;;;
APE85;CLEAR POLIESTER;FARBEN;2052;960;;;;;;;;;;;;;;;
BW6;DARK BLUE PEARL_VJ;NISSAN;66;16,8;12,6;18;24,6;36;20,4;9;;;;;;;;;
KAD-NT;STEEL GREY MET_VJ;NISSAN NOTE;70;52;23;1;1;8;7;6;17;;;;;;;;
Z9T-PU;BRIGHT RED 2_VJ;SUZUKI;300;120;18;4;1;40;30;;;;;;;;;;
ZCD;GALACTIC GREY MET_VJ;SUZUKI;68;12;13,6;2,4;4,8;10,4;8;2,4;1,6;1,6;5,6;2,4;20;30,4;;;
Y2S;SILVER GOLD_VJ;HYUNDAI;110;20;33;5;2;1;16;1;1;9;;;;;;;
GUINDO-3;GUINDO OSCURO PERLA_VJ;MITSUBISHI;100;10;70;30;25;700;;;;;;;;;;;
CDR-7;VERDE FRANJA CAMION_VJ;NISSAN;42;126;28;;;;;;;;;;;;;;
02C;WORLD RALLY BLUE PEARL_VJ;SUBARU;251;44;55;44;44;3;1400;;;;;;;;;;
K23-KS;BRILLIANT SILVER MET_VJ;NISSAN KICS;150;384;60;4;;;;;;;;;;;;;
1F4;DARK GREY MICA MET_VJ;TOYOTA;94,6;14,8;3,7;33,8;3,2;3,8;4,5;0,2;2,3;36,5;;;;;;;
KAD-FT;STEEL GREY MET_VJ;NISSAN FRONTIER;71;51;23;11;1;3;7;7;15;10;;;;;;;
541-TOY;YELLOW_VJ;TOYOTA;96;21;24;7,5;55,5;;;;;;;;;;;;
681-TOY;GREEN_VJ;TOYOTA;102;10;4;102;;;;;;;;;;;;;
681-SLX;GREEN_VJ;TOYOTA;280;30;6;185;60;80;1030;;;;;;;;;;
160-TOY;BLUISH SILVER MET_VJ;TOYOTA;120,5;9;14;33,5;5;2;0,5;1,5;2;1;14;;;;;;
ISEKI-SLX;AZUL ISEKI_VJ;ISEKI;20;18;43;25;100;;;;;;;;;;;;
B76-4;ROUGE DE FEU NACRE MET_VJ;RENAULT;63,2;16,7;10,3;6;3;3;0,5;3;4;16,6;19,4;6,7;38,6;;;;
ZY8;SHINING RED PEARL-VJ;SUZUKI;72,8;16,8;3,2;4;8;16;8;19,2;42,2;;;;;;;;
T38;NARES BLUE MET_VJ;MITSUBISHI;26;14,8;5,6;20,4;8;6;0,8;1,6;12;10;12;34,4;9,6;4;20;;
ZDL;GRAPHITE GREY PEARL MET_VJ;SUZUKI;50;28;14;6;17;3;16;3;6;48;;;;;;;
BPE290;NEGRO IV_VJ;FARBEN;16;3;1;;;;;;;;;;;;;;
3R3-CR;BARCELONA RED MET-VJ;TOYOTA COROLLA;50;19;5;1;10;2;25;85;;;;;;;;;
GLORY;PRATA BEIGE MET_VJ;GLORY;70;65;2;4;17;2;4;35;;;;;;;;;
6P1-2;BLUISH GREEN MET_VJ;TOYOTA;14;8;10;4;14;51;20;4;7;5;2;45;;;;;
BPA 298;ESM.PU.ACRILICO AZUL NEUTRO_VJ;FARBEN;23;0,7;0,2;60;;;;;;;;;;;;;
NBL;VERMELHO SCARLLET PERLA_VJ;NISSAN;15;19;48;3;112;;;;;;;;;;;;
587-2;CHAMPAGNE MICA MET_VJ;TOYOTA 4-RUMNER;37;70;18;15;20;7;7;17;;;;;;;;;
324-CH;DAZZLE ORANGE MET_VJ;CHERRY;66;40;28;28;58;28;5;60;;;;;;;;;
FHVL-4;VERDE LIMON VOLVO_VJ;VOLVO;106;27;12;14;52;;;;;;;;;;;;
SH8;XING JI HUI PM MET_VJ;CHANGAN;32;8;14;10;7;7;1;1;5;30;78;;;;;;
317-TA;SPICE RED PEARL _VJ;TATA;40;;10;50;3;10;13;15;40;;;;;;;;
B602P;NEY KYANITE BLUE PEARL _VJ;HONDA;30;22;1;34;28;26;1;4;18;6;;;;;;;
Y-01;BRAZIL YELLOW SOLID_VJ;BYD;110;2;0,5;1,4;100;;;;;;;;;;;;
GH;DARK IRON GREY MET_VJ;CHERRY;32;7;27;9;9;5;17;2;3;83;;;;;;;
KWE;BLANCO BASE P/ KWE;PEUGEOT;226;1,5;3,1;;;;;;;;;;;;;;
CNA;BRUN CAJOU MET_VJ;RENAULT;92;6;1;6;1;78;40;64;7;110;;;;;;;
LUCI-4;PLATA BARANDAS_VJ;SALCOMIX;360;24;24;28;3;132;1240;;;;;;;;;;
BPE271;BLANCO TITANIO_VJ;FARBEN;75;6;2;15;15;;;;;;;;;;;;
857-TOY;MEDIUN BLUE_VJ;TOYOTA;160;120;47;70;100;140;24;1200;;;;;;;;;
N9S;TRIATHLON GREY MET_VJ;HYUNDAI;80;30;15;35;47;3;60;6;15;120;;;;;;;
W32-POLI;FAIRY WHITE_VJ;MITSUBISHI;220;1,1;1,2;0,1;0,2;0,4;;;;;;;;;;;
42A;METEOR GREY MET_VJ;MAZDA;210;60;36;10;16;32;8;3;7;;;;;;;;
E41;LIGHT YELLOW_VJ;NISSAN;174;4;0,8;17,6;1,6;27,2;;;;;;;;;;;
UJ;STERLING GREY MET_VJ;FORD;90;2;7;57;40;;;;;;;;;;;;
CAS;IMPERIAL AMBER PEARL_VJ;NISSAN;80;17;17;4;17;2;1;10;50;;;;;;;;
ZQT;URBAN BLUE MET_VJ;SUZUKI;56;56;5;10;2;23;5;3;2;24;16;;;;;;
W32-2;FAIRY WHITE_VJ;MITSUBISHI;225;0,3;0,6;0,3;;;;;;;;;;;;;
Z7Q;MAGMA GREY MET_VJ;SUZUKI;75;6;8;3;1;1;3;94;;;;;;;;;
T88-2;MOON LIGHT BLUE PEARL_VJ;MITSUBISHI;50;31,5;40;37;33;15;2;0,7;2;;;;;;;;
LA5;PEARLESCENT BLACK MET_VJ;CHANGAN;140;8;6;3;0,3;0,7;13;23;;;;;;;;;
924-TOY;PURPLE MET_VJ;TOYOTA;69;12;27,6;8,1;2,7;0,9;4,5;21;8,4;39,8;;;;;;;
3M2;MAGENTA MET_VJ;TOYOTA;45;13;20;4;4;4;18;80;;;;;;;;;
1G3-HX;GREY MET_VJ;TOYOTA HILUX;13,4;33;21,1;1,6;2,6;9,6;1,6;5,6;19,5;81;;;;;;;
ZUG;GAIA BRONZE MET_VJ;SUZUKI;85;10;16;6;16;5;1;15;60;;;;;;;;
KX4;SILVER MET_VJ;NISSAN;150;12;8;1;14;1;36;82;76;;;;;;;;
Z10;SUPER RED_VJ;NISSAN;65;20;6;37;36;47;1;8;;;;;;;;;
070-LC;BLANCO BASE P/ 070;TOYOTA;1021;0,5;2;8,6;18;3,1;3;;;;;;;;;;
G35;EMERAUDE GREEN PEARL_VJ;MITSUBISHI;54;4;35;25;56;10;4;2;90;110;;;;;;;
NBQ;BURGUNDY MET-VJ;NISSAN;45;24;9;6;12;15;3;58;;;;;;;;;
BPE 275;BASE ROSA_VJ;FARBEN;20;6;5;30;;;;;;;;;;;;;
BPE 620;DORADA MEDIA PEARL_VJ;FARBEN;15;28;12;1;;;;;;;;;;;;;
GCE;SAMONA JEWEL PEARL-VJ;CHEVROLET;23;2;11;3;35;14;13;12;76;;;;;;;;
BPE 626;AZUL FINO PEARL_VJ;FARBEN;2000;475;250;;;;;;;;;;;;;;
X2R;RED PASSION PEARL _VJ;HYUNDAI;90;14;3;20;2;4;12;20;30;;;;;;;;
R4G-AT;TITAN GREY MET_VJ;HYUNDAI;80;7;8;19;28;12;10;8;20;23;;;;;;;
1A5-2;WARM GREY PEARL MET_VJ;TOYOTA;107,8;18,4;16;28,5;1,8;1,5;1,5;1,4;12,2;;;;;;;;
ZA4;COOL BEIGE MET_VJ;SUZUKI;42;42;42;2;3;4;23;3;39;;;;;;;;
APPLE-1;VERDE VIVA MET_VJ;BUS FLOTA;15;16;42;16;11;2;1;135;;;;;;;;;
APPLE-2;VERDE VIVA MET_VJ;BUS FLOTA;17;7;20;3;60;;;;;;;;;;;;
181-TOY;BLUISH SILVER MET_VJ;TOYOTA;80;80;0,5;1;2,5;5;2;8;;;;;;;;;
KAC;BROWNISH GREY MET_VJ;NISSAN;67,8;45,6;12;1,8;3,8;0,6;9;3,4;38,1;;;;;;;;
ZNZ;GLISTENING GREY MET_VJ;SUZUKI;105;24;10;9;8;2;68;;;;;;;;;;
1A3;MEDUIM GREY MICA MET_VJ;TOYOTA;180;104;16;44;152;12;10;8;12;43;6;50;;;;;
6L5;LIGHT GREEN MET_VJ;TOYOTA;50;25;3;1;7;9;4;3;;;;;;;;;
DCF;VERMELHO BARI_VJ;FORD;70;14;3;117;;;;;;;;;;;;;
CP2;BROWN PEARL_VJ;NISSAN;180;110;80;40;90;140;;;;;;;;;;;
8R3;GREYISH BLUE MET_VJ;TOYOTA;31;31;31;16;16;11;3;2;1;35;;;;;;;
GREEN-1;VERDE CANDY BASE;FARBEN;33;12;5;;;;;;;;;;;;;;
GREEN-3;VERDE PEARL-VJ;FARBEN;25;7;15;;;;;;;;;;;;;;
GREEN-2;VERDE CANDY TRANSPARENTE;FARBEN;25;3;1;;;;;;;;;;;;;;
C-DORADO;CASA DORADA MET_VJ;FARBEN;75;4;7;1,3;2;10;35;20;;;;;;;;;
TROFEO;GOLD TROFEO MET_VJ;FARBEN;70;20;17;10;45;;;;;;;;;;;;
070-HX;BLANCO BASE P/ 070_VJ;TOYOTA;232,5;0,2;2,7;0,1;0,2;0,1;1,8;;;;;;;;;;
186-BPA;ROJO OXIDO_VJ;FARBEN;800;15;14;1800;;;;;;;;;;;;;
4F;CHAMPAGNE SILVER MICA MET_VJ;MAZDA;12,1;46,8;4,6;13,1;41,7;14,1;49;1;1,1;5,1;1,5;18;;;;;
COBRE;COBRE MET MONOPOL_VJ;POLIDURA;70;25;1;7;10;55;;;;;;;;;;;
DR-MPL;DORADO MET MONOPOL_VJ;POLIDURA;87;4;27;12;20;;;;;;;;;;;;
Y6U;TWILLIGHTE BLUE MET_VJ;HYUNDAI;74;17;8;5;51;2;5;8;16;19;;;;;;;
TROFEO-2;GOLD MET_VJ;FARBEN;15;15;13;9;1;13;80;;;;;;;;;;
056-YAT;WHITE_VJ;TOYOTA;2131;10;10;2;;;;;;;;;;;;;
199-ALT;SILVER MET_VJ;TOYOTA;51;0,6;15;27;45;;;;;;;;;;;;
GD-MAT;DOURADO MATE MET_VJ;MOTO;89;0,6;55;;;;;;;;;;;;;;
ZVR-IG;BLANCO BASE P/ ZVR;SUZUKI;218;1,5;0,7;0,3;0,1;0,3;4;;;;;;;;;;
6Q7-HX;DARK GREEN MICA_VJ;TOYOTA;12;26;5;28;5;14;24;90;2;;;;;;;;
TROFEO-3;GOLD TROFEO;FARBEN;30;0,8;0,6;;;;;;;;;;;;;;
464-TOY;BEIGE_VJ;TOYOTA;85;117,8;2,8;11,8;;;;;;;;;;;;;
KBY;STEALTH GRAY_VJ;NISSAN;83;25;12;27;1;2;5;0,2;39;;;;;;;;
BW9-ALT;DARK BLUE PEARL_VJ;NISSAN;800;20;390;700;300;800;;;;;;;;;;;
KAD-2023;STEEL GREY MET_VJ;NISSAN FRONTIER;34;54;40;4;12;10;12;84;90;;;;;;;;
KAD*;STEEL GREY MET_VJ;NISSAN FRONTIER;50;16;14;12;8;8;2;44;20;;;;;;;;
CDR-8;AZUL INTENSO_VJ;NISSAN;166;39;23;30;49;7;130;;;;;;;;;;
GVJ;RUSK GREY MET_VJ;CHEVROLET;61;12;11;11;3;7;1;8;6;39;35;;;;;;
CAU;SUNSET ORANGE PEARL_VJ;NISSAN;14;9;14;4;90;7;30;22;;;;;;;;;
B34;BLUE_VJ;NISSAN;165;20;18;;;;;;;;;;;;;;
1736  GM;CINZA AUSTIN GM_VJ;GM;15;30;2;4;3;28;;;;;;;;;;;
RF6;YAO DONG RED_VJ;CHANGAN;14;8;2;2;4;43;8;112;;;;;;;;;
8234  MB;PRATA CUBANITA_VJ;MERCEDES BENZ;400;206;122;50;20;20;50;300;532;;;;;;;;
LUCI-FI;LARANJA EVOLUTION PERAL_VJ;FARBEN;50;50;65;16;300;62;32;300;;;;;;;;;
ZTG;TORQUE BLUE PEARL_VJ;TOYOTA;39;5;7;9;13;9;4;14;28;0,5;71;;;;;;
BPA-191;ROJO VIVO;FARBEN;885;200;220;;;;;;;;;;;;;;
183-TOY;DARK BLUISH GREY MICA MET_VJ;TOYOTA;220;151;162;15;50;3;9;27;60;185;;;;;;;
TROFEO-5;GOLD MET_VJ;FARBEN;60;10;6;5;16;14;;;;;;;;;;;
18J;CRISTALSILVER MET_VJ;SUZUKI;1300;12;23;500;;;;;;;;;;;;;
T2X;TYPHOON SILVER MET_VJ;HYUNDAI;84;1;1,5;4;1,5;4,3;2,4;0,3;43;50;;;;;;;
A20-NV;SCARLET RED_VJ;NISSAN;110;33;21;;;;;;;;;;;;;;
RG3;JING YAO HONG MET_VJ;CHANGAN;7;22;1;1;5;25;7;3;112;;;;;;;;
9AE-ORI;LIGHT PURPLE MICA MET_VJ;TOYOTA;160;14;120;24;2;40;1,3;1;16;;;;;;;;
RBK;TURQUOISE PEARL MET _VJ;NISSAN;30;13;27;36;4;20;2;10;11;26;;;;;;;
ABT-2;PLATINUM GRAPHITE MET_VJ;KIA;85;28;14;10;3;10;5;15;45;;;;;;;;
BLA;FORMAL DEEP BLUE MET_VJ;KIA;120;12;60;2;24;10;2;12;30;100;;;;;;;
3F1;DARK RED_VJ;TOYOTA;140;20;8;6;20;;;;;;;;;;;;
A75;MELBOURNE ROT MET_VJ;BMW;53;39;2;46;19;23;8;;;;;;;;;;
A54;RED Z_VJ;NISSAN;101;65;40;7;;;;;;;;;;;;;
B02;ROYAL BLUE_VJ;MITSUBISHI;50;9;23;44;68;;;;;;;;;;;;
9880-GM;VERDE GROPIUS MET_VJ;GM;77;3;11;3;110;;;;;;;;;;;;
218-TOY;ATITUDE BLACK MICA_VJ;TOYOTA;122;1;14;0,5;1;8;9,5;30;;;;;;;;;
Z4Q-BN;FIRE RED_VJ;SUZUKI;23,4;48,6;7,2;108;;;;;;;;;;;;;
BPE-280;BASE NEGRO AZULADO;FARBEN;31;23;;;;;;;;;;;;;;;
AL-FE;ALUMINIO PU_VJ;FARBEN;160;30;6;2;;;;;;;;;;;;;
A20;STARLED RED_VJ;NISSAN;90;7;16;58;20;;;;;;;;;;;;
ANGOLA;DOURADO MET_VJ;TOYOTA;951;230;81;639;16;;;;;;;;;;;;
692/A;CINZA SCANDIUM MET_VJ;FIAT;74;66;102;47;4;25;10;12;6;37;;;;;;;
ZTH;PACIFIC BLUE MET_VJ;SUZUKI;138;56;200;150;17;100;24;10;24;25;40;;;;;;
KKSP-1;ROJO PERLA SPACIO_VJ;TOYOTA;120;64;7;40;46;9;8;112;;;;;;;;;
G99-MS;FABRE GREEN MET_VJ;MITSUBISHI;36;20,4;20,4;13,6;10,2;1,7;39,1;12,2;40,8;;;;;;;;
EAF;ANODIZED ORANGE_VJ;NISSAN;30;10;5;2;57;;;;;;;;;;;;
3D7;RED_VJ;TOYOTA;99,2;6;4,1;0,8;15,2;90;;;;;;;;;;;
MENDEZ;RED MET_VJ;VOLVO;500;30;30;80;30;20;150;;;;;;;;;;
3T0;MOULIN ROUGE MICA_VJ;TOYOTA;24;13;2;8;33;5;3;10;30;31;;;;;;;
LA9B;CANDYWEISS_VJ;VOLKSWAGEN;221,6;0,7;0,2;0,5;1,8;1,4;;;;;;;;;;;
1841C;CHAMPAGNE MET_VJ;SOFOSA;700;307;120;55;30;300;52;300;;;;;;;;;
ZWG;SPEEDY BLUE MET _VJ;SUZUKI;80;2;170;10;11;55;;;;;;;;;;;
ZVD;FORMAL DEEP BLUE MET_VJ;SUZUKI;109,2;3,3;25,4;5,7;0,8;13;3,3;25,4;;;;;;;;;
H4;ELECTRIC RED_VJ;HYUNDAI;171;14;1;40;180;;;;;;;;;;;;
DPQ;VERT EMERUADE MET_VJ;RENAULT;31;20;27;7;13;13;20;50;30;40;3;12;96;18;8;;
R292;RED CFR_VJ;HONDA;67;40;8;40;2;6;65;;;;;;;;;;
ZLC;EVER GREEN PEARL MET_VJ;SUZUKI;43;5;25;6;3;46;9;10;10;5;;;;;;;
LY3J;BRILLANT ROT_VJ;VOLKSWAGEN;206;42;13;80;46;;;;;;;;;;;;
U04;QUICK SILVER MET_VJ;MITSUBISHI;135;17;2;15;2;2;15;;;;;;;;;;
KAD-NVFR;DARK STEEL MET_VJ;NISSAN;65;24;1;4;13;5;21;33;20;;;;;;;;
RHM;SLEEK SILVER MET_VJ;HYUNDAI;215;580;6;8;160;7;21;700;;;;;;;;;
LY3J;BRILLANTROT_VJ;AUDI;28;60;1;;;;;;;;;;;;;;
PORCHE-2;NARANJA PORCHE_VJ;PORCHE;30;3;12;9;12;45;;;;;;;;;;;
CDR-8;VERDE CALIPSO_VJ;NISSAN;91;1;10;1;5;41;1;80;;;;;;;;;
C361;CAMEL TROPHY_VJ;LAND ROVER;320;610;4;190;680;;;;;;;;;;;;
SUZ-MCH;AZUL METALLIC_VJ;SUZUKI;20;22;1;24;70;;;;;;;;;;;;
P63;RED SOLID_VJ;MITSUBISHI;50;3;2,6;5;30;162;175;;;;;;;;;;
ZNZ;GLISTENING GREY MET_VJ;SUZUKI;105;24;10;9;8;2;68;;;;;;;;;;
W81;BLANCO BASE P/ W81_VJ;MITSUBISHI;219,5;0,2;0,3;1,5;0,3;;;;;;;;;;;;
GWP;BLANCO BASE P/ GWP_VJ;KIA;221;0,2;0,1;1;;;;;;;;;;;;;
BPE 611;XRL RADIANT RED_VJ;FARBEN;54;23;;;;;;;;;;;;;;;
BPE 275;BASE ROSA_VJ;FARBEN;20;6;5;30;;;;;;;;;;;;;
A 929;BASE NEGRO AZULADO;FARBEN;31;10;2;;;;;;;;;;;;;;
MASERO;AMARILLO VERDOSO MET_VJ;SUZUKI;170;1;12;5;15;;;;;;;;;;;;
B42;BLUE_VJ;NISSAN;20;12;5;80;35;84;;;;;;;;;;;
S9094005;SPIRITED GREEN MET_VJ;VOLVO;960;15;500;61;10;800;;;;;;;;;;;
8S9;CINZA SCANDIUM MET_VJ;TOYOTA;29;16,1;60;0,7;2,8;0,5;11;9;8,4;0,9;14,2;6,2;18,4;3;2;;
MIT-1;ROJO PERLA 46V_VJ;MITSUBISHI;102;22;8;40;22;;;;;;;;;;;;
RF4-2;XUAN DONG  RED MET_VJ;CHANGAN;160;4;10;5;14;;;;;;;;;;;;
SCM;KIWI GREEN MET_VJ;HYUNDAI;80;30;23;20;13;3;3;11;16;;;;;;;;
KTM;NARANJA KTM_VJ;KTM;190;5;1;2;2;;;;;;;;;;;;
MOT-1;RED CANDY MET_VJ;MOTO;160;2;1;5;30;;;;;;;;;;;;
MOT-2;ROJO PERLA_VJ;HONDA;148;22;8;10;14;1;;;;;;;;;;;
MAZ-1;TURQUOISE BLUE PEARL_VJ;MAZDA;7;3,5;16,1;25,4;2;14,7;29,8;8,7;16,1;3,5;26,5;9,1;36,1;;;;
1A5-3;WARM GREY PEARL MET_VJ;TOYOTA;112;20;16;30;1,8;1,5;1,5;1,4;0,3;4;0,4;13,4;;;;;
BPE-625;AZUL PERLA GRUESO_VJ;FARBEN;19;6;16;7;;;;;;;;;;;;;
R4R-i10;FIERY RED PEARL _VJ;HYUNDAI;60;6;4;2;10;40;3;64;;;;;;;;;
CH-8;ROJO TINTO PERLA_VJ;SWM;50;10;19;29;33;3;39;1;14;;;;;;;;
KKSP-3;VERDE TURQUESA MET_VJ;TOYOTA;45;32;1;14;2;6;20;53;24;;;;;;;;
RG3-2;JING YAO HONG MET_VJ;CHANGAN;7;22;1;1;5;25;7;3;2;11;112;;;;;;
EXP-TAR-1;NARANJA EXPRESO TARIJA_VJ;FARBEN;600;100;12;1200;;;;;;;;;;;;;
EXP-TAR-2;AMARILLO CROMO EXPRESO TARIJA_VJ;FARBEN;164;290;140;8;30;3;360;;;;;;;;;;
BPE 680;ALUMINIO GRUESO;FARBEN;1460;1460;;;;;;;;;;;;;;;
HNP;BEIGE DUNE MET_VJ;RENAULT;59;2,5;21;53,5;2;4;7;5;11,5;38;;;;;;;
ARO-1;DOURADO MET_VJ;HONDA;50;7;20;3;30;90;;;;;;;;;;;
BPE 288;ALUMINIO GRUESO;FARBEN;2220;900;20;100;140;;;;;;;;;;;;
GBF;EMERALD GREEN PEARLCOAT_VJ;DODGE;25;7;2;4;1;12;12;;;;;;;;;;
1E2-TOY;DARK GREY MICA MET_VJ;TOYOTA;220;160;10;18;10;15;17;80;;;;;;;;;
M9Y;MILKY BEIGE MET_VJ;KIA;80,1;66,7;2;5;12;28;;;;;;;;;;;
TW3;BLANCO BASE P/ WW2;HYUNDAI;225;0,2;0,3;0,8;0,3;;;;;;;;;;;;
MAZ-2;RED CANDY MET_VJ;MAZDA;130;4;40;44;10;17;7;3;5;200;;;;;;;
DR3-ALT;DARK GREEN PEARL-VJ;NISSAN;140;70;8;2;2;73;30;1;17;102;;;;;;;
AL-FE-2;ALUMINIO PU_VJ;FARBEN;160;47;;;;;;;;;;;;;;;
1E9-2012;CINZA CHUMBO;TOYOTA;67;21;7;4;8;80;20;0,5;2,4;0,4;;;;;;;
KKSP-2;BLUE PEARL MET_VJ;TOYOTA;36,7;9,2;15,4;0,6;21,7;1,3;0,5;6,2;1;0,7;10,7;20;;;;;
KCS;SPARKLING SILVER MET_VJ;KIA;144;20;2;1,2;0,4;2;0,4;2;21;;;;;;;;
ZKZ;HEALING GREEN MET_VJ;SUZUKI;58;31;26;16;1;2;21;4;28;;;;;;;;
ARO-2;DOURADO MET CANDY_VJ;HONDA;170;28;1;;;;;;;;;;;;;;
6P4-ALT;GREEN OPAL MET_VJ;TOYOTA;182;80;60;75;20;16;60;320;;;;;;;;;
C002;RUBY RED_VJ;CHERRY;150;3;2;29;3;13;;;;;;;;;;;
T2X-i10;TYPHOON SILVER MET_VJ;HYUNDAI;96,1;0,6;0,3;4,5;0,1;5;3,2;30,7;22,8;30,3;5;;;;;;
S74-2;FRASER BEIGE MET_VJ;MITSUBISHI;746;92;9;57;6;110;160;88;212;220;;;;;;;
ZQQ;SAVANNA IVORY MET_VJ;SUZUKI;110;270;10;81;7;69;30;260;;;;;;;;;
PXR;BRILLIANT BLACK CRYSTAL MET_VJ;JEEP;5;40;50;100;6;12;190;;;;;;;;;;
VR6;RED AWESOME MET-VJ;HYUNDAI;48,3;0,7;2;0,4;8,6;16;29;34,6;2,5;3,5;2;44,5;;;;;
TROFEO-6;GOLD MET_VJ;FARBEN;1000;60;40;26;40;50;;;;;;;;;;;
KKSP-4;VERDE OLIVO MET_VJ;TOYOTA;45;24;45;12;4;21;1;45;;;;;;;;;
FT-6;WHITE 2022_VJ;FOTON;258;1,2;0,2;0,5;1;0,3;0,9;;;;;;;;;;
MOT-3;RED CFR CHINITO_VJ;CHINO;60;20;4;60;1;3;60;;;;;;;;;;
A17;WARN SILVER MET_VJ;MITSUHISHI;86;46;24,2;10;4,7;14;0,2;0,2;7;;;;;;;;
W09;SOPHIA WHITE_VJ;MITSUBISHI;237;0,3;1;0,6;0,5;0,4;0,6;;;;;;;;;;
1G3-LC;GREY MET_VJ;TOYOTA;33,6;82,4;52,8;1;6,4;10,4;24;18;200;;;;;;;;
KKSP-5;VERDE MENTA 6P4 MET_VJ;TOYOTA;140;19;1;17;8;20;10;;;;;;;;;;
MOT-4;AMARILLO LIMON PERLA_VJ;FARBEN;160;2;4;2;16;20;;;;;;;;;;;
266-RE;GRIS ACIER MET_VJ;RENAULT;44,4;22,4;15;22,2;15;5;12;9;36;35;18;;;;;;
UM0;AZUL_VJ;DAEWO;840;660;340;;;;;;;;;;;;;;
KNU;GRIS TAUPE_VJ;RENAULT;106;5;83;18;;;;;;;;;;;;;
KBY-QS;STEALTH GRAY_VJ;NISSAN;149,4;45;21,6;50;6;3,6;9;3;70,2;;;;;;;;
ZMW;MINERAL GREY MET_VJ;SUZUKI;14,4;4,4;25,3;28,6;16,3;0,2;7,4;0,2;4,4;6;0,9;4,6;4,6;1,6;4,2;60,6;
ABT;PLATINUM GRAPHITE MET_VJ;KIA;76,8;16;11,2;4,8;8,8;4;4;11,2;1,6;8,8;36;;;;;;
V3G;STAR DUTS MET_VJ;HYUNDAI;62;19;24;13;20;1;50;8;;;;;;;;;
KKSP-7;BLUE PEARL MET_VJ;TOYOTA;27;8;6;34;5;1;1,5;17;54;13;34;;;;;;
CH-9;WHITE MOIZ_VJ;KING LONG;995;6;12;7;2;50;;;;;;;;;;;
HS;HEART MET_VJ;FORD;37;17;8;14;10;2;7;1;;;;;;;;;
ZHC;VERDE GROPIUS MET_VJ;SUZUKI;376;28,7;56;77;28;3,5;2,1;132;122;;;;;;;;
42U;DEEP BLUISH GREEN MICA_VJ;DAEWO;76,2;68;16;0,6;83,8;17,7;1,3;44,1;0,5;3,3;101,8;;;;;;
CDR-9;GREEN MET_VJ;NISSAN;15;11;17;7;2;6;3;47;92;;;;;;;;
FD-1;AMARILLO METALICO_VJ;FORD;100;700;570;346;580;420;;;;;;;;;;;
FD-2;GOLD MET_VJ;FORD;103;87;28;100;12;50;25;2;7;7;7;1;3;40;50;;
205-GE;SILVER MET_VJ;GEELY;98,6;107;43;63,7;9,1;20;30;1;2;2;7;1;3;;;;
GREEN-4;VERDE CANDY BASE MET;FARBEN;1140;110;70;;;;;;;;;;;;;;
GREEN-5;VERDE CANDY TRANSPARENTE;FARBEN;26;3;1;;;;;;;;;;;;;;
CNS;BRUN SAVANE NACRE MET_VJ;RENAULT;30;0,8;2,2;0,1;9;9,3;1;60;5,8;38;10;42;;;;;
Y2R;PULSE RED PEARL RED_VJ;HYUNDAI;75;51;3,4;8;16;0,5;9;4;0,1;33;;;;;;;
ZAM-2;MIDNIGHT BLACK PEARL_VJ;SUZUKI;5;0,4;0,5;30;10;10;0,5;0,4;140;;;;;;;;
KKSP-9;ROJO PERLA SPACIO_VJ;TOYOTA;5;14,6;3,4;24;75;30,6;3,7;4,5;4;9;5;21;;;;;
1E7-VTZ;SILVER MET_VJ;TOYOTA;105;8;0,2;2;0,6;2;0,2;79;;;;;;;;;
MAZ-3;RED CANDY MET 46V_VJ;MAZDA;135;55;4;1;;;;;;;;;;;;;
MOT-5;RED PEARL_VJ;MOTO;150;40;12;;;;;;;;;;;;;;
AZ-TR;AZUL TORITO;TORITO;90;8;38;7;8;;;;;;;;;;;;
BPE 643;ALUMINIO GRUESO;FARBEN;438;330;;;;;;;;;;;;;;;
1C7;GREY MET_VJ;TOYOTA;41;34;22;37;3;2;3;44;;;;;;;;;
FHVL-5;VERDE TURQUESA_VJ;VOLVO;67;81;19;2,3;17;10;1;30;;;;;;;;;
FHVL-17;VERDE CLARO TURQUESA_VJ;VOLVO;490;210;19;2;17;10;14;170;;;;;;;;;
5A7-2;SILKY GOLD MICA_VJ;TOYOTA;106;40;12;7;6;6,2;4;7,2;0,2;0,4;3;18;;;;;
1611-2;AZUL NAVAL _VJ;VOLVO;122,2;48,8;33;0,3;;;;;;;;;;;;;
ARO-2;DOURADO MET_VJ;HONDA;65;7;20;3;90;;;;;;;;;;;;
070-HX-2;BLANCO BASE P/ 070_VJ;TOYOTA;244;0,2;2,7;0,1;0,2;0,5;2,5;;;;;;;;;;
KKSP-12;BLANCO PERLA 1A7_VJ;TOYOTA;42;1,5;;0,4;0,8;33;13,2;19,1;5,3;274;;;;;;;
A20-ALT;SCARLET RED_VJ;NISSAN;130;70;24;;;;;;;;;;;;;;
CDR-10;DOURADO MET_VJ;NISSAN;15;77;19;1;2;21;27;4;0,3;44;4,7;;;;;;
SUZ-MCH-2;VERDE JIMNY_VJ;ZUSUKI;230;30;200;;;;;;;;;;;;;;
KKSP-13;RED PEARL RED_VJ;TOYOTA;370;370;10;50;74;;;;;;;;;;;;
1D6-RV4;SILVER MET_VJ;TOYOTA;60,2;2,3;2,4;28,7;1,2;0,8;5;57,1;32;0,6;0,8;;;;;;
CAN-AZ-1;CANDY AZUL_VJ;HKS;72;1,8;36;9;81;;;;;;;;;;;;
CAN-AZ-2;CANDY AZUL_VJ;HKS;180;12;;;;;;;;;;;;;;;
UD-2;CLEAR WHITE_VJ;KIA;225;0,4;0,2;0,1;0,3;0,8;;;;;;;;;;;
KG1;BLUISH SILVER MET_VJ;NISSAN;64,4;59,5;30;31;0,5;1;0,2;0,5;5,6;1,6;0,4;1;0,4;0,9;;;
MAZ-4;RED PEARL_VJ;MAZDA;41;71,5;15;0,4;0,6;1;45;15;6;;;;;;;;
Z5G;PEPPER GREY PEARL_VJ;HYUNDAI;77;1;8;2;8;4;21;;;;;;;;;;
4V6;BEIGE_VJ;TOYOTA;190;103;40;10;17;42;8;6;15;;;;;;;;
FHVL-19;VERDE VOLVO_VJ;VOLVO;148;6;4;2;64;;;;;;;;;;;;
ZTF-2;BLAZING RED PEARL_VJ;SUZUKI;23;19;8;2;25;22;10;3;8;10;58;;;;;;
LH1W;PLATA VEGAS MET MET_VJ;VOLKSWAGEN;81,8;62,1;0,5;3;1,5;14,6;9,5;1,5;4;24,7;;;;;;;
070-FT;BLANCO BASE P/ 070_VJ;TOYOTA;488;1;5,4;0,2;1,8;1;5;;;;;;;;;;
MITVJ-2;AZUL MET_VJ;MITSUBISHI;51,5;6;17,7;19,1;22,6;16,1;11,8;5,2;36;1,1;0,3;1;1,1;0,4;2;;
